date,year,month,month_name,total_sales,total_freight,total_item_value,total_items,total_orders,active_customers
2016-09-01,2016,9,September,267.36,87.39,354.75,6,3,3
2016-10-01,2016,10,October,49507.66000000016,7301.180000000001,56808.83999999995,363,308,308
2016-12-01,2016,12,December,10.9,8.72,19.62,1,1,1
2017-01-01,2017,1,January,120312.86999999953,16875.620000000014,137188.48999999964,955,789,789
2017-02-01,2017,2,February,247303.01999999545,38977.59999999995,286280.6199999993,1951,1733,1733
2017-03-01,2017,3,March,374344.30000000086,57704.289999999695,432048.5899999997,3000,2641,2641
2017-04-01,2017,4,April,359927.2300000015,52495.00999999969,412422.24000000034,2684,2391,2391
2017-05-01,2017,5,May,506071.14000001014,80119.81000000014,586190.9500000018,4136,3660,3660
2017-06-01,2017,6,June,433038.60000000504,69924.43999999945,502963.0400000038,3583,3217,3217
2017-07-01,2017,7,July,498031.48000001034,86940.13999999994,584971.6200000047,4519,3969,3969
2017-08-01,2017,8,August,573971.6800000137,94232.92000000065,668204.6000000006,4910,4293,4293
2017-09-01,2017,9,September,624401.6900000146,95997.22000000041,720398.9100000003,4831,4243,4243
2017-10-01,2017,10,October,664219.4300000176,105092.94000000108,769312.3699999982,5322,4568,4568
2017-11-01,2017,11,November,1010271.3700000371,168872.4000000028,1179143.7700000012,8665,7451,7451
2017-12-01,2017,12,December,743914.1700000202,119633.06000000096,863547.2299999993,6308,5624,5624
2018-01-01,2018,1,January,950030.3600000378,157271.53000000172,1107301.8900000046,8208,7220,7220
2018-02-01,2018,2,February,844178.7100000294,142730.25000000178,986908.9600000003,7672,6694,6694
2018-03-01,2018,3,March,983213.4400000331,171913.3800000028,1155126.819999998,8217,7188,7188
2018-04-01,2018,4,April,996647.7500000333,163050.29000000123,1159698.0399999984,7975,6934,6934
2018-05-01,2018,5,May,996517.6800000271,153264.1400000013,1149781.8199999945,7925,6853,6853
2018-06-01,2018,6,June,865124.3100000215,157552.80000000045,1022677.1099999951,7078,6160,6160
2018-07-01,2018,7,July,895507.2200000229,163220.80999999956,1058728.0299999986,7092,6273,6273
2018-08-01,2018,8,August,854686.3300000255,148622.13999999876,1003308.4699999936,7248,6452,6452
2018-09-01,2018,9,September,145.0,21.46,166.46,1,1,1
