source_product_key,recommended_product_key,source_product_id,recommended_product_id,source_category,recommended_category,co_purchase_count,source_order_count,recommended_order_count,directional_confidence,pair_support,lift,symmetric_confidence,recommendation_score,recommendation_rank
212,27851,f4d705aa95ccca448e5b0deb6e5290ba,c211ff3068fcd2f8898192976d8b3a32,bed_bath_table,bed_bath_table,4,24,34,0.16666666666666666,4.0540814464962604e-05,483.6568627450981,0.14215686274509803,68.75514225297964,1
212,11366,f4d705aa95ccca448e5b0deb6e5290ba,4025ee582ef6b8c478af3b44cf89054b,bed_bath_table,bed_bath_table,2,24,16,0.08333333333333333,2.0270407232481302e-05,513.8854166666666,0.10416666666666666,53.52973090277777,2
269,21912,23ab7bb9eac81e85ec43ed71064cf7ce,74939659dbb10592e383bebf2f78272c,bed_bath_table,bed_bath_table,2,8,8,0.25,2.0270407232481302e-05,3083.3125,0.25,770.828125,1
269,21479,23ab7bb9eac81e85ec43ed71064cf7ce,ad0a798e7941f3a5a2fb8139cb62ad78,bed_bath_table,bed_bath_table,2,8,12,0.25,2.0270407232481302e-05,2055.5416666666665,0.20833333333333331,428.2378472222222,2
269,30896,23ab7bb9eac81e85ec43ed71064cf7ce,946344697156947d846d27fe0d503033,bed_bath_table,bed_bath_table,2,8,15,0.25,2.0270407232481302e-05,1644.4333333333334,0.19166666666666665,315.18305555555554,3
290,6389,c6336fa91fbd87c359e44f5dca5a90ed,b584de1994f604fa7dfd0b6b9c6c1b99,sports_leisure,sports_leisure,2,82,5,0.024390243902439025,2.0270407232481302e-05,481.29756097560977,0.21219512195121953,102.12899464604403,1
501,3032,2ae501b303a5a8e6f75c8c36f366b2d5,d8c0c707d3724304033f593878cbf1e6,perfumery,perfumery,2,4,3,0.5,2.0270407232481302e-05,16444.333333333332,0.5833333333333333,9592.527777777776,1
712,8097,6c90c0f6c2d89eb816b9e205b9d6a36a,b7d94dc0640c7025dc8e3b46b52d8239,computers_accessories,computers_accessories,2,2,10,1.0,2.0270407232481302e-05,9866.6,0.6,5919.96,1
807,30726,1ac09f60f3c3bc2021c637ef23fa3248,45a9a8115c62ad1ce34845e5ec4cfd48,toys,toys,2,8,4,0.25,2.0270407232481302e-05,6166.625,0.375,2312.484375,1
807,15181,1ac09f60f3c3bc2021c637ef23fa3248,ead6d52e3dc075669af5d7a1958b0f07,toys,toys,2,8,8,0.25,2.0270407232481302e-05,3083.3125,0.25,770.828125,2
1038,1167,a669398f595527fc03acc1ebda6b3cce,189e539d996a9b8ba4bba1a140a024a7,health_beauty,health_beauty,2,2,4,1.0,2.0270407232481302e-05,24666.5,0.75,18499.875,1
1075,19862,29e4631be78811ab993ae12613053b53,98d61056e0568ba048e5d78038790e77,auto,auto,2,3,38,0.6666666666666666,2.0270407232481302e-05,1730.982456140351,0.35964912280701755,622.5463219452139,1
1103,24484,28447390cfd2a411fcb8c008b6163da2,b65214d387c754bb0f858a4a5a0f41ad,toys,toys,2,2,3,1.0,2.0270407232481302e-05,32888.666666666664,0.8333333333333333,27407.22222222222,1
1167,1038,189e539d996a9b8ba4bba1a140a024a7,a669398f595527fc03acc1ebda6b3cce,health_beauty,health_beauty,2,4,2,0.5,2.0270407232481302e-05,24666.5,0.75,18499.875,1
1195,19183,7736ea239e147291f6adb766c992beb1,642a40d4d73b4b2604968937de13634a,bed_bath_table,bed_bath_table,2,6,22,0.3333333333333333,2.0270407232481302e-05,1494.939393939394,0.2121212121212121,317.10835629017447,1
1247,20686,2d27434c710806b971a721da337a112a,86c43103446290e7efacad3701cd654d,watches_gifts,watches_gifts,3,11,27,0.2727272727272727,3.040561084872195e-05,996.6262626262626,0.1919191919191919,191.27170696867665,1
1576,25564,cf1d8e226162a1d0ad61f29b7ed72d82,e9b3cf27d68caa64832c4a7c460abcb9,market_place,market_place,2,6,11,0.3333333333333333,2.0270407232481302e-05,2989.878787878788,0.25757575757575757,770.1202938475666,1
1678,32532,53c61580d8e5c4941a358ee0335c1d5c,36ba5561e351eef68d3554697132a9a8,costruction_tools_garden,costruction_tools_garden,2,4,3,0.5,2.0270407232481302e-05,16444.333333333332,0.5833333333333333,9592.527777777776,1
1678,16114,53c61580d8e5c4941a358ee0335c1d5c,07ffc018eaf23e086370dea42c74077b,costruction_tools_garden,costruction_tools_garden,2,4,5,0.5,2.0270407232481302e-05,9866.6,0.45,4439.97,2
1750,3048,154e7e31ebfa092203795c972e5804a6,7c1bd920dbdf22470b68bde975dd3ccf,health_beauty,health_beauty,3,269,225,0.011152416356877323,3.040561084872195e-05,4.8905080545229245,0.012242874845105329,0.05987387804050371,1
1801,3355,a79c0d179a6de79b23a81b64b3980c04,5bf57bdef224b9486b45ebba37ec6191,bed_bath_table,bed_bath_table,2,5,4,0.4,2.0270407232481302e-05,9866.6,0.45,4439.97,1
1848,4849,c8b96022819f31119f1404ad2c3c1059,a996a150a7fd0eba6a177ec84b939b51,pet_shop,pet_shop,2,4,2,0.5,2.0270407232481302e-05,24666.5,0.75,18499.875,1
1895,2054,c784a651cf319526cc7cf854f83cb941,2ccd049c8e7ea210e079a1aa8ad92477,stationery,stationery,2,8,11,0.25,2.0270407232481302e-05,2242.409090909091,0.2159090909090909,484.15650826446284,1
2014,6023,5dae498eff2d80057f56122235a36aff,678c229b41c0e497d35a25a8be1cc631,construction_tools_construction,construction_tools_construction,2,3,2,0.6666666666666666,2.0270407232481302e-05,32888.666666666664,0.8333333333333333,27407.22222222222,1
2054,1895,2ccd049c8e7ea210e079a1aa8ad92477,c784a651cf319526cc7cf854f83cb941,stationery,stationery,2,11,8,0.18181818181818182,2.0270407232481302e-05,2242.409090909091,0.2159090909090909,484.15650826446284,1
2094,14452,69523f67543ff9ea6b1a15858fb59b3b,d2c7a1e57b8f3e74095798f867334b36,watches_gifts,watches_gifts,2,8,8,0.25,2.0270407232481302e-05,3083.3125,0.25,770.828125,1
2149,24051,6e423c2d28bfb207e1fd1d6e1df84721,fbc1488c1a1e72ba175f53ab29a248e8,perfumery,perfumery,3,3,55,1.0,3.040561084872195e-05,1793.9272727272726,0.5272727272727272,945.8889256198346,1
2220,8507,155815f7173905f1e5cde0b82adfc113,67fc455b96e0908bc5e0d917237b2977,bed_bath_table,bed_bath_table,2,2,5,1.0,2.0270407232481302e-05,19733.2,0.7,13813.24,1
2319,30900,158102fe543dbaeb84d87811bfe06d0d,414c53fa9c5cc4a0390682aeb2e25ec1,furniture_decor,furniture_decor,2,17,12,0.11764705882352941,2.0270407232481302e-05,967.3137254901962,0.14215686274509803,137.51028450595928,1
2358,3625,3cc4b421c1f28dd22e86fc4aaafb600e,42a2bd596fda1baef5719cb74f73030c,bed_bath_table,bed_bath_table,3,11,21,0.2727272727272727,3.040561084872195e-05,1281.3766233766235,0.20779220779220778,266.26007758475293,1
2358,8347,3cc4b421c1f28dd22e86fc4aaafb600e,283dc451ad3918badb976d56ff887289,bed_bath_table,bed_bath_table,2,11,32,0.18181818181818182,2.0270407232481302e-05,560.6022727272727,0.12215909090909091,68.48266399793388,2
2360,11242,78efe838c04bbc568be034082200ac20,4fe644d766c7566dbc46fb851363cb3b,furniture_decor,art,2,100,106,0.02,2.0270407232481302e-05,18.61622641509434,0.019433962264150943,0.3617870416518334,1
2371,31827,3685c687db4b3d2da5085d23b408e93a,e8ca14b6c60a3194f2353bbfe0287bbe,cool_stuff,cool_stuff,2,5,5,0.4,2.0270407232481302e-05,7893.280000000001,0.4,3157.3120000000004,1
2644,18490,87cb507e0daa37bbf34956fd59eba832,186fe07c8b8005ec6a498587ffbc1352,watches_gifts,watches_gifts,2,22,34,0.09090909090909091,2.0270407232481302e-05,263.81283422459893,0.0748663101604278,19.750693471360346,1
2644,17427,87cb507e0daa37bbf34956fd59eba832,2136c70bbe723d338fab53da3c03e6dc,watches_gifts,watches_gifts,2,22,86,0.09090909090909091,2.0270407232481302e-05,104.29809725158562,0.05708245243128964,5.953591175037657,2
2780,4643,07c055536ebf10dfbb6c6db6dbfc36e5,8338cef8355d238f43711dcb9c0657b2,furniture_decor,furniture_decor,2,28,21,0.07142857142857142,2.0270407232481302e-05,335.5986394557823,0.08333333333333333,27.966553287981856,1
2822,12545,a1dd59756b92c62cd39375d0b0222698,113f80f12c8892f0c59206f70b862b40,bed_bath_table,bed_bath_table,2,9,8,0.2222222222222222,2.0270407232481302e-05,2740.722222222222,0.2361111111111111,647.1149691358024,1
2948,25951,5f0bdec2fb222061ed8fe52586a5957d,88bd8458fdc2ceec3e71ef1d867a7b45,telephony,telephony,2,10,9,0.2,2.0270407232481302e-05,2192.577777777778,0.2111111111111111,462.8775308641976,1
2973,11986,8b51c6ccc9c0548c951214e1cd1547ff,5bd7e57735a44e529bf066fee83a9c60,bed_bath_table,bed_bath_table,3,14,6,0.21428571428571427,3.040561084872195e-05,3523.7857142857147,0.35714285714285715,1258.4948979591838,1
2984,5378,8d7d29e5fb9ff5333009326c87fc04e9,516ccdc0667fe7e260156d1998ef9546,office_furniture,office_furniture,2,12,7,0.16666666666666666,2.0270407232481302e-05,2349.1904761904766,0.22619047619047616,531.3645124716554,1
3032,501,d8c0c707d3724304033f593878cbf1e6,2ae501b303a5a8e6f75c8c36f366b2d5,perfumery,perfumery,2,3,4,0.6666666666666666,2.0270407232481302e-05,16444.333333333332,0.5833333333333333,9592.527777777776,1
3048,1750,7c1bd920dbdf22470b68bde975dd3ccf,154e7e31ebfa092203795c972e5804a6,health_beauty,health_beauty,3,225,269,0.013333333333333334,3.040561084872195e-05,4.8905080545229245,0.012242874845105329,0.05987387804050371,1
3049,5390,7cefa61c9500d9b227894dc48d8b5a0b,0e14941c183946f60e3b86585d05f984,housewares,housewares,2,2,2,1.0,2.0270407232481302e-05,49333.0,1.0,49333.0,1
3131,20686,8264f2dcca3aa83cb217d7f09e9c8cf8,86c43103446290e7efacad3701cd654d,watches_gifts,watches_gifts,2,2,27,1.0,2.0270407232481302e-05,3654.2962962962965,0.537037037037037,1962.4924554183813,1
3176,9933,c589625c8ccc7bfd2e8f1fb041e24c4a,4167a7ae0930579d1f27d465a1a042f0,health_beauty,health_beauty,2,15,8,0.13333333333333333,2.0270407232481302e-05,1644.4333333333334,0.19166666666666665,315.18305555555554,1
3176,4689,c589625c8ccc7bfd2e8f1fb041e24c4a,aa70ae9ee9a798d44ae6e00ce6d82cb1,health_beauty,health_beauty,2,15,18,0.13333333333333333,2.0270407232481302e-05,730.8592592592593,0.12222222222222222,89.32724279835391,2
3255,16212,57f2bc497c1a3ebe41ba7a06d78ed159,060f0122cdc8f25db4a0d7359fdae7b0,watches_gifts,watches_gifts,4,38,16,0.10526315789473684,4.0540814464962604e-05,649.1184210526316,0.17763157894736842,115.30393005540165,1
3349,8031,31352e05b5f8620929e1b8bbbeda5578,9b89ab91efbb4750c39864ed0262711f,housewares,housewares,2,3,3,0.6666666666666666,2.0270407232481302e-05,21925.777777777777,0.6666666666666666,14617.185185185184,1
3355,1801,5bf57bdef224b9486b45ebba37ec6191,a79c0d179a6de79b23a81b64b3980c04,bed_bath_table,bed_bath_table,2,4,5,0.5,2.0270407232481302e-05,9866.6,0.45,4439.97,1
3457,26004,ec2d43cc59763ec91694573b31f1c29a,7185389e32acf9c5c5f61e6a23c0ab3a,bed_bath_table,bed_bath_table,2,116,10,0.017241379310344827,2.0270407232481302e-05,170.1137931034483,0.10862068965517242,18.47787752675387,1
3625,30858,42a2bd596fda1baef5719cb74f73030c,430f4c8e02bd4e1fe6330c38689b54f3,bed_bath_table,bed_bath_table,2,21,4,0.09523809523809523,2.0270407232481302e-05,2349.190476190476,0.2976190476190476,699.1638321995465,1
3625,2358,42a2bd596fda1baef5719cb74f73030c,3cc4b421c1f28dd22e86fc4aaafb600e,bed_bath_table,bed_bath_table,3,21,11,0.14285714285714285,3.040561084872195e-05,1281.3766233766235,0.20779220779220778,266.26007758475293,2
3625,8120,42a2bd596fda1baef5719cb74f73030c,98b22c1129886cbd7fcae69d1c93e442,bed_bath_table,bed_bath_table,3,21,20,0.14285714285714285,3.040561084872195e-05,704.7571428571429,0.1464285714285714,103.19658163265305,3
3625,8347,42a2bd596fda1baef5719cb74f73030c,283dc451ad3918badb976d56ff887289,bed_bath_table,bed_bath_table,2,21,32,0.09523809523809523,2.0270407232481302e-05,293.6488095238095,0.07886904761904762,23.159801941609977,4
3681,20501,3743820de2227103b72b029a352fb98b,345ebf31824c3871cbb94c377190d6f9,computers_accessories,computers_accessories,2,3,8,0.6666666666666666,2.0270407232481302e-05,8222.166666666666,0.4583333333333333,3768.493055555555,1
3903,8586,0fa81e7123fd0ebe03adbbe99d912827,fb783e3e545937820b57fe539b2c5a6c,bed_bath_table,bed_bath_table,4,22,21,0.18181818181818182,4.0540814464962604e-05,854.2510822510823,0.18614718614718614,159.01643522422742,1
3903,19276,0fa81e7123fd0ebe03adbbe99d912827,1eaf224c19e07b6e50bf0119eea1dd26,bed_bath_table,bed_bath_table,2,22,11,0.09090909090909091,2.0270407232481302e-05,815.4214876033058,0.13636363636363635,111.19383921863259,2
3903,23417,0fa81e7123fd0ebe03adbbe99d912827,87d780fa7d2cf3710aa02dc4ca8db985,bed_bath_table,bed_bath_table,2,22,23,0.09090909090909091,2.0270407232481302e-05,389.9841897233202,0.08893280632411067,34.682388414129264,3
4200,16405,748b719f4cbfdcb99cae90bf4bb16217,40639ced9d62eca7f4637b1be4ccdf44,toys,toys,2,5,3,0.4,2.0270407232481302e-05,13155.466666666669,0.5333333333333333,7016.24888888889,1
4394,7308,4f0abfbee7569e43b80f9aaa256a9bf8,3a362c0e7f9a69276e2d95869a3e143b,health_beauty,health_beauty,2,17,13,0.11764705882352941,2.0270407232481302e-05,892.9049773755656,0.13574660633484165,121.2088204582216,1
4394,10824,4f0abfbee7569e43b80f9aaa256a9bf8,5f42d57952b7815098979a5c4fa6f82a,health_beauty,health_beauty,2,17,19,0.11764705882352941,2.0270407232481302e-05,610.9349845201239,0.11145510835913312,68.09182490007572,2
4526,12372,b3cf0a98f31b76ed0cec13d9c77102c4,9d0bb30eed80184666c8acad23921283,market_place,books_general_interest,2,13,19,0.15384615384615385,2.0270407232481302e-05,798.914979757085,0.12955465587044535,103.50315527217296,1
4583,11919,4fcb3d9a5f4871e8362dfedbdb02b064,f4f67ccaece962d013a4e1d7dc3a61f7,auto,auto,17,89,56,0.19101123595505617,0.00017229846147609105,336.5413322632424,0.24729133226324235,83.22375441702371,1
4583,26506,4fcb3d9a5f4871e8362dfedbdb02b064,0c9ff9d8ed9b9bdd825487b3a66e05f5,auto,auto,2,89,16,0.02247191011235955,2.0270407232481302e-05,138.5758426966292,0.07373595505617977,10.218022108950889,2
4599,7346,368c6c730842d78016ad823897a372db,0bcc3eeca39e1064258aa1e932269894,garden_tools,garden_tools,4,291,100,0.013745704467353952,4.0540814464962604e-05,13.56233676975945,0.026872852233676976,0.3644586719571096,1
4599,32099,368c6c730842d78016ad823897a372db,53759a2ecddad2bb87a079a1f1519f73,garden_tools,garden_tools,8,291,287,0.027491408934707903,8.108162892992521e-05,9.451105762898571,0.02768298669731911,0.2616348351092771,2
4599,21778,368c6c730842d78016ad823897a372db,b0961721fd839e9982420e807758a2a6,garden_tools,garden_tools,2,291,97,0.006872852233676976,2.0270407232481302e-05,6.990895242144046,0.013745704467353952,0.09609477996074291,3
4599,30294,368c6c730842d78016ad823897a372db,389d119b48cf3043d311335e499d9c6b,garden_tools,garden_tools,5,291,311,0.01718213058419244,5.067601808120325e-05,5.451099987845438,0.016629650501099436,0.090649887644417,4
4599,14052,368c6c730842d78016ad823897a372db,422879e10f46682990de24d770e7f83d,garden_tools,garden_tools,2,291,352,0.006872852233676976,2.0270407232481302e-05,1.9264682911590127,0.006277335207747579,0.012093087230701785,5
4637,10899,9f14f401fce2d9ddd450e7ce60cb7f5f,0129d1e9b29d3fe6833cc922374cd252,consoles_games,consoles_games,2,5,7,0.4,2.0270407232481302e-05,5638.057142857144,0.34285714285714286,1933.0481632653066,1
4643,5277,8338cef8355d238f43711dcb9c0657b2,741a31499a578979be85db7f80139e62,furniture_decor,furniture_decor,2,21,18,0.09523809523809523,2.0270407232481302e-05,522.0423280423281,0.10317460317460317,53.861510036113216,1
4643,2780,8338cef8355d238f43711dcb9c0657b2,07c055536ebf10dfbb6c6db6dbfc36e5,furniture_decor,furniture_decor,2,21,28,0.09523809523809523,2.0270407232481302e-05,335.5986394557823,0.08333333333333333,27.966553287981856,2
4689,9602,aa70ae9ee9a798d44ae6e00ce6d82cb1,d13a4acdb64c202e774e815db547e108,health_beauty,health_beauty,2,18,8,0.1111111111111111,2.0270407232481302e-05,1370.361111111111,0.18055555555555555,247.42631172839506,1
4689,3176,aa70ae9ee9a798d44ae6e00ce6d82cb1,c589625c8ccc7bfd2e8f1fb041e24c4a,health_beauty,health_beauty,2,18,15,0.1111111111111111,2.0270407232481302e-05,730.8592592592593,0.12222222222222222,89.32724279835391,2
4723,5313,2d15b61e2962412ec20c326895c4603a,37318ccebb2ced72bd1b548b55ab4e31,costruction_tools_garden,costruction_tools_garden,2,2,3,1.0,2.0270407232481302e-05,32888.666666666664,0.8333333333333333,27407.22222222222,1
4849,1848,a996a150a7fd0eba6a177ec84b939b51,c8b96022819f31119f1404ad2c3c1059,pet_shop,pet_shop,2,2,4,1.0,2.0270407232481302e-05,24666.5,0.75,18499.875,1
5120,21050,6522b16614da30655a6a5ce4c8f2fb8b,0981ba54d8ddc68299f7c7a7d23bb2c9,bed_bath_table,bed_bath_table,2,4,3,0.5,2.0270407232481302e-05,16444.333333333332,0.5833333333333333,9592.527777777776,1
5277,4643,741a31499a578979be85db7f80139e62,8338cef8355d238f43711dcb9c0657b2,furniture_decor,furniture_decor,2,18,21,0.1111111111111111,2.0270407232481302e-05,522.0423280423281,0.10317460317460317,53.861510036113216,1
5313,24722,37318ccebb2ced72bd1b548b55ab4e31,f9bdcb274f479aa71dd34e8bccdd9a82,costruction_tools_garden,costruction_tools_garden,2,3,2,0.6666666666666666,2.0270407232481302e-05,32888.666666666664,0.8333333333333333,27407.22222222222,1
5313,4723,37318ccebb2ced72bd1b548b55ab4e31,2d15b61e2962412ec20c326895c4603a,costruction_tools_garden,costruction_tools_garden,2,3,2,0.6666666666666666,2.0270407232481302e-05,32888.666666666664,0.8333333333333333,27407.22222222222,2
5378,2984,516ccdc0667fe7e260156d1998ef9546,8d7d29e5fb9ff5333009326c87fc04e9,office_furniture,office_furniture,2,7,12,0.2857142857142857,2.0270407232481302e-05,2349.1904761904766,0.22619047619047616,531.3645124716554,1
5390,3049,0e14941c183946f60e3b86585d05f984,7cefa61c9500d9b227894dc48d8b5a0b,housewares,housewares,2,2,2,1.0,2.0270407232481302e-05,49333.0,1.0,49333.0,1
5407,13558,d65b6607952f9e0d705b1cbdc92ac027,c43ab4269cbf91b373263db4c2973cad,cool_stuff,cool_stuff,2,8,24,0.25,2.0270407232481302e-05,1027.7708333333333,0.16666666666666666,171.29513888888886,1
5823,13089,2b4609f8948be18874494203496bc318,b1acb7e8152c90c9619897753a75c973,health_beauty,health_beauty,2,259,44,0.007722007722007722,2.0270407232481302e-05,17.31590031590032,0.026588276588276588,0.4603999469741836,1
6023,2014,678c229b41c0e497d35a25a8be1cc631,5dae498eff2d80057f56122235a36aff,construction_tools_construction,construction_tools_construction,2,2,3,1.0,2.0270407232481302e-05,32888.666666666664,0.8333333333333333,27407.22222222222,1
6039,9662,f2e53dd1670f3c376518263b3f71424d,99a4788cb24856965c36a24e339b6058,bed_bath_table,bed_bath_table,6,28,467,0.21428571428571427,6.08112216974439e-05,45.273478127867854,0.11356684001223616,5.141565847345041,1
6039,32026,f2e53dd1670f3c376518263b3f71424d,35afc973633aaeb6b877ff57b2793310,bed_bath_table,home_confort,3,28,156,0.10714285714285714,3.040561084872195e-05,67.7651098901099,0.06318681318681318,4.2818613392102405,2
6336,10888,aadff88486740e0b0ebe2be6c09476ae,0a4093a4af429dc0a9334300e5c13ae5,health_beauty,health_beauty,2,40,40,0.05,2.0270407232481302e-05,123.33250000000001,0.05,6.166625000000001,1
6389,290,b584de1994f604fa7dfd0b6b9c6c1b99,c6336fa91fbd87c359e44f5dca5a90ed,sports_leisure,sports_leisure,2,5,82,0.4,2.0270407232481302e-05,481.29756097560977,0.21219512195121953,102.12899464604403,1
6447,24694,6ed93af03d1f53308d3a9c6555a94d08,aecdd1c18af2379312e946f33280fe25,computers_accessories,computers_accessories,2,2,2,1.0,2.0270407232481302e-05,49333.0,1.0,49333.0,1
6697,13302,e2f1ccf86759df28dd1e9f2e0e3242d4,eb9b44e05684527fbfdfd0ff5cb86250,health_beauty,health_beauty,2,11,5,0.18181818181818182,2.0270407232481302e-05,3587.854545454546,0.2909090909090909,1043.7395041322316,1
6701,12545,eb048e296b8db6cd64b1bafd9500786c,113f80f12c8892f0c59206f70b862b40,bed_bath_table,bed_bath_table,2,2,8,1.0,2.0270407232481302e-05,12333.25,0.625,7708.28125,1
6804,13454,4d272fe20c57c64dc74b3db191fc31ef,0be487faac01dd57fd7ed17cfbdf2dee,bed_bath_table,bed_bath_table,3,17,5,0.17647058823529413,3.040561084872195e-05,3482.329411764706,0.38823529411764707,1351.9631833910034,1
6856,29141,ac5e164e2eda939ffa46593f90077f9a,f39288f58793ce5e6985b3f7832af88c,fashion_shoes,fashion_shoes,2,9,6,0.2222222222222222,2.0270407232481302e-05,3654.2962962962965,0.2777777777777778,1015.0823045267491,1
6870,21396,36f60d45225e60c7da4558b070ce4b60,e53e557d5a159f5aa2c5e995dfdf244b,computers_accessories,computers_accessories,34,111,156,0.3063063063063063,0.0003445969229521821,193.73088473088472,0.2621275121275121,50.78219483676864,1
6870,26253,36f60d45225e60c7da4558b070ce4b60,3f14d740544f37ece8a9e7bc8349797e,computers_accessories,computers_accessories,12,111,81,0.10810810810810811,0.0001216224433948878,131.68635301968635,0.12812812812812813,16.872725912432283,2
7018,20572,dc52f0f5d3ec37a93eaf956cde4e5d2c,a92930c327948861c015c919a0bcb4a8,watches_gifts,watches_gifts,2,39,158,0.05128205128205128,2.0270407232481302e-05,32.024018175916915,0.03197013956507627,1.023812330518603,1
7062,28596,688ad0169550f8e2eb0307b61df3ba12,703d742887bb9267f89b675608ba7aa0,bed_bath_table,bed_bath_table,2,19,41,0.10526315789473684,2.0270407232481302e-05,253.31450577663674,0.07702182284980744,19.510744989214636,1
7139,12761,51250f90d798d377a1928e8a4e2e9ae1,005030ef108f58b46b78116f754d8d38,perfumery,perfumery,2,12,13,0.16666666666666666,2.0270407232481302e-05,1264.9487179487178,0.16025641025641024,202.7161406969099,1
7213,29153,6b00cb3fe05c73d0acef3fd949a34c0f,e3af4b7c220aca1535b34416de24dfb7,toys,toys,2,8,5,0.25,2.0270407232481302e-05,4933.3,0.325,1603.3225000000002,1
7259,28628,1427b126f61597524866770b05d4eed2,5526b1ae9ab2688cf600783cece249df,computers_accessories,computers_accessories,4,14,22,0.2857142857142857,4.0540814464962604e-05,1281.3766233766235,0.23376623376623376,299.542587282847,1
7264,18920,a6b56b20f93907299eef6ea711338269,3bbacbe586e957acbf26c63b3ed532a3,pet_shop,pet_shop,2,3,14,0.6666666666666666,2.0270407232481302e-05,4698.380952380953,0.40476190476190477,1901.7256235827667,1
7308,4394,3a362c0e7f9a69276e2d95869a3e143b,4f0abfbee7569e43b80f9aaa256a9bf8,health_beauty,health_beauty,2,13,17,0.15384615384615385,2.0270407232481302e-05,892.9049773755656,0.13574660633484165,121.2088204582216,1
7346,21778,0bcc3eeca39e1064258aa1e932269894,b0961721fd839e9982420e807758a2a6,garden_tools,garden_tools,3,100,97,0.03,3.040561084872195e-05,30.51525773195876,0.030463917525773196,0.9296142948241044,1
7346,14052,0bcc3eeca39e1064258aa1e932269894,422879e10f46682990de24d770e7f83d,garden_tools,garden_tools,6,100,352,0.06,6.08112216974439e-05,16.81806818181818,0.03852272727272727,0.647877853822314,2
7346,4599,0bcc3eeca39e1064258aa1e932269894,368c6c730842d78016ad823897a372db,garden_tools,garden_tools,4,100,291,0.04,4.0540814464962604e-05,13.56233676975945,0.026872852233676976,0.3644586719571096,3
7346,32099,0bcc3eeca39e1064258aa1e932269894,53759a2ecddad2bb87a079a1f1519f73,garden_tools,garden_tools,3,100,287,0.03,3.040561084872195e-05,10.313519163763067,0.020226480836236932,0.208606197720016,4
7346,30294,0bcc3eeca39e1064258aa1e932269894,389d119b48cf3043d311335e499d9c6b,garden_tools,garden_tools,3,100,311,0.03,3.040561084872195e-05,9.517620578778134,0.01982315112540193,0.1886692310873543,5
7359,26458,4d0ec1e9b95fb62f9a1fbe21808bf3b1,9ad75bd7267e5c724cb42c71ac56ca72,bed_bath_table,bed_bath_table,6,13,42,0.46153846153846156,6.08112216974439e-05,1084.2417582417581,0.30219780219780223,327.65547639174014,1
7460,15919,b8a0d73b2a06e7910d9864dccdb0cda2,9bb8ca338e5588c361e34eae02e8fad6,health_beauty,health_beauty,3,30,32,0.1,3.040561084872195e-05,308.33124999999995,0.096875,29.869589843749996,1
7669,23955,4910917f05092f331bf3a477f791cc01,e8c6039a25765995ac7c1ec2cbef5765,watches_gifts,watches_gifts,2,7,14,0.2857142857142857,2.0270407232481302e-05,2013.5918367346942,0.21428571428571427,431.4839650145773,1
7759,29068,43b54d1fc56ff394092a3dff6be2d39f,0a4f9f421af66d2ea061fbb8883419f7,health_beauty,health_beauty,2,15,13,0.13333333333333333,2.0270407232481302e-05,1011.9589743589744,0.14358974358974358,145.30692965154503,1
7973,20840,b0c89945c034268074f5f80b362bda34,ff2c1ec09b1bb340e84f0d6b21cc7dbb,bed_bath_table,bed_bath_table,3,16,6,0.1875,3.040561084872195e-05,3083.3124999999995,0.34375,1059.8886718749998,1
7973,21479,b0c89945c034268074f5f80b362bda34,ad0a798e7941f3a5a2fb8139cb62ad78,bed_bath_table,bed_bath_table,3,16,12,0.1875,3.040561084872195e-05,1541.6562499999998,0.21875,337.23730468749994,2
7973,30896,b0c89945c034268074f5f80b362bda34,946344697156947d846d27fe0d503033,bed_bath_table,bed_bath_table,3,16,15,0.1875,3.040561084872195e-05,1233.3249999999998,0.19375,238.95671874999996,3
8031,3349,9b89ab91efbb4750c39864ed0262711f,31352e05b5f8620929e1b8bbbeda5578,housewares,housewares,2,3,3,0.6666666666666666,2.0270407232481302e-05,21925.777777777777,0.6666666666666666,14617.185185185184,1
8097,712,b7d94dc0640c7025dc8e3b46b52d8239,6c90c0f6c2d89eb816b9e205b9d6a36a,computers_accessories,computers_accessories,2,10,2,0.2,2.0270407232481302e-05,9866.6,0.6,5919.96,1
8097,31222,b7d94dc0640c7025dc8e3b46b52d8239,3ce943997ff85cad84ec6770b35d6bcd,computers_accessories,computers_accessories,5,10,8,0.5,5.067601808120325e-05,6166.625,0.5625,3468.7265625,2
8120,3625,98b22c1129886cbd7fcae69d1c93e442,42a2bd596fda1baef5719cb74f73030c,bed_bath_table,bed_bath_table,3,20,21,0.15,3.040561084872195e-05,704.7571428571429,0.1464285714285714,103.19658163265305,1
8291,31468,d1c427060a0f73f6b889a5c7c61f2ac4,c4baedd846ed09b85f78a781b522f126,computers_accessories,garden_tools,3,323,143,0.009287925696594427,3.040561084872195e-05,6.408408928532768,0.015133473337807703,0.09698148565771947,1
8291,24791,d1c427060a0f73f6b889a5c7c61f2ac4,52c80cedd4e90108bf4fa6a206ef6b03,computers_accessories,garden_tools,2,323,114,0.006191950464396285,2.0270407232481302e-05,5.359078811580034,0.011867905056759546,0.06360103852752362,2
8347,2358,283dc451ad3918badb976d56ff887289,3cc4b421c1f28dd22e86fc4aaafb600e,bed_bath_table,bed_bath_table,2,32,11,0.0625,2.0270407232481302e-05,560.6022727272727,0.12215909090909091,68.48266399793388,1
8347,3625,283dc451ad3918badb976d56ff887289,42a2bd596fda1baef5719cb74f73030c,bed_bath_table,bed_bath_table,2,32,21,0.0625,2.0270407232481302e-05,293.6488095238095,0.07886904761904762,23.159801941609977,2
8462,22854,fa243e761ae871597627e917611eeb23,be59d6c35e43e4bae41772d4b87136a4,bed_bath_table,bed_bath_table,2,3,8,0.6666666666666666,2.0270407232481302e-05,8222.166666666666,0.4583333333333333,3768.493055555555,1
8507,2220,67fc455b96e0908bc5e0d917237b2977,155815f7173905f1e5cde0b82adfc113,bed_bath_table,bed_bath_table,2,5,2,0.4,2.0270407232481302e-05,19733.2,0.7,13813.24,1
8586,3903,fb783e3e545937820b57fe539b2c5a6c,0fa81e7123fd0ebe03adbbe99d912827,bed_bath_table,bed_bath_table,4,21,22,0.19047619047619047,4.0540814464962604e-05,854.2510822510823,0.18614718614718614,159.01643522422742,1
8593,23417,9d32095f76b97762307e86cfc18dd7a0,87d780fa7d2cf3710aa02dc4ca8db985,bed_bath_table,bed_bath_table,2,17,23,0.11764705882352941,2.0270407232481302e-05,504.685421994885,0.10230179028132992,51.63022219896522,1
8635,19475,57fcacc3434a1f2f2b039c1b4e61f5e1,cf0d29a0ea1464f4c3e5594d0746c51b,telephony,telephony,2,11,2,0.18181818181818182,2.0270407232481302e-05,8969.636363636364,0.5909090909090909,5300.239669421488,1
8724,15919,f40876e0ef3cd5f9132b1f16b04b1346,9bb8ca338e5588c361e34eae02e8fad6,health_beauty,health_beauty,3,49,32,0.061224489795918366,3.040561084872195e-05,188.77423469387756,0.07748724489795919,14.627595354149314,1
8726,31877,db123b35396aafabb2d5b476557abed5,7c65bcd66be0ad761948bfeda4e7bd2f,home_confort,home_confort,2,3,5,0.6666666666666666,2.0270407232481302e-05,13155.466666666669,0.5333333333333333,7016.24888888889,1
8819,26980,a87567bdce60de6f901e3d7c6d8df820,56b83ac081e4e6ea5f87323b4e46e85c,bed_bath_table,bed_bath_table,2,7,2,0.2857142857142857,2.0270407232481302e-05,14095.142857142859,0.6428571428571428,9061.163265306122,1
8955,16608,c5b72065154ec27c2d1ed8a654c3348f,ba74c6b75d2ad7503175809688d5a03c,watches_gifts,watches_gifts,2,29,25,0.06896551724137931,2.0270407232481302e-05,272.18206896551726,0.07448275862068965,20.272871343638524,1
9044,15631,1dc7685f4fdb9622d84ae2ec658d5bbf,b7d2c90f9161dc69fa75d22572003bc4,computers_accessories,computers_accessories,2,9,3,0.2222222222222222,2.0270407232481302e-05,7308.592592592593,0.4444444444444444,3248.2633744855966,1
9044,29343,1dc7685f4fdb9622d84ae2ec658d5bbf,a46875fb5b8d19ac3cff18deb9bae57e,computers_accessories,computers_accessories,2,9,3,0.2222222222222222,2.0270407232481302e-05,7308.592592592593,0.4444444444444444,3248.2633744855966,2
9044,9586,1dc7685f4fdb9622d84ae2ec658d5bbf,e256d05115f9eb3766f3ab752132a4e2,computers_accessories,computers_accessories,4,9,8,0.4444444444444444,4.0540814464962604e-05,5481.444444444444,0.4722222222222222,2588.4598765432097,3
9131,21436,0cfc9fea40ee0f7006d150fbdf3fa808,480be8d20c4b6a7df1eae0f2c17f2db2,books_general_interest,books_general_interest,3,3,9,1.0,3.040561084872195e-05,10962.88888888889,0.6666666666666666,7308.592592592593,1
9216,10888,e0cf79767c5b016251fe139915c59a26,0a4093a4af429dc0a9334300e5c13ae5,health_beauty,health_beauty,4,131,40,0.030534351145038167,4.0540814464962604e-05,75.31755725190841,0.06526717557251908,4.915764232853564,1
9236,31878,e61c78a7343d82c0539d27df0f7dfc31,ddb9028236525b8ab493fc24f99e8d1a,bed_bath_table,bed_bath_table,2,16,11,0.125,2.0270407232481302e-05,1121.2045454545455,0.1534090909090909,172.00297004132233,1
9424,27953,ee57070aa3b24a06fdd0e02efd2d757d,0d85c435fd60b277ffb9e9b0f88f927a,computers_accessories,computers_accessories,6,23,63,0.2608695652173913,6.08112216974439e-05,408.5548654244307,0.17805383022774326,72.74475864700008,1
9586,15631,e256d05115f9eb3766f3ab752132a4e2,b7d2c90f9161dc69fa75d22572003bc4,computers_accessories,computers_accessories,2,8,3,0.25,2.0270407232481302e-05,8222.166666666666,0.4583333333333333,3768.493055555555,1
9586,29343,e256d05115f9eb3766f3ab752132a4e2,a46875fb5b8d19ac3cff18deb9bae57e,computers_accessories,computers_accessories,2,8,3,0.25,2.0270407232481302e-05,8222.166666666666,0.4583333333333333,3768.493055555555,2
9586,9044,e256d05115f9eb3766f3ab752132a4e2,1dc7685f4fdb9622d84ae2ec658d5bbf,computers_accessories,computers_accessories,4,8,9,0.5,4.0540814464962604e-05,5481.444444444444,0.4722222222222222,2588.4598765432097,3
9602,4689,d13a4acdb64c202e774e815db547e108,aa70ae9ee9a798d44ae6e00ce6d82cb1,health_beauty,health_beauty,2,8,18,0.25,2.0270407232481302e-05,1370.361111111111,0.18055555555555555,247.42631172839506,1
9662,6039,99a4788cb24856965c36a24e339b6058,f2e53dd1670f3c376518263b3f71424d,bed_bath_table,bed_bath_table,6,467,28,0.01284796573875803,6.08112216974439e-05,45.273478127867854,0.11356684001223616,5.141565847345041,1
9662,32026,99a4788cb24856965c36a24e339b6058,35afc973633aaeb6b877ff57b2793310,bed_bath_table,home_confort,29,467,156,0.06209850107066381,0.00029392090487097885,39.27570965793664,0.12399796848404986,4.870108208353519,2
9662,26383,99a4788cb24856965c36a24e339b6058,eebbed5ed3b134eceb717496c47652ba,bed_bath_table,bed_bath_table,3,467,19,0.006423982869379015,3.040561084872195e-05,33.35940493632368,0.08215935985574213,2.7407873547368373,3
9662,30891,99a4788cb24856965c36a24e339b6058,3e5201fe0d1ba474d9b90152c83c706c,bed_bath_table,bed_bath_table,2,467,43,0.004282655246252677,2.0270407232481302e-05,9.826801454110852,0.02539714157661471,0.2495726677753366,4
9933,3176,4167a7ae0930579d1f27d465a1a042f0,c589625c8ccc7bfd2e8f1fb041e24c4a,health_beauty,health_beauty,2,8,15,0.25,2.0270407232481302e-05,1644.4333333333334,0.19166666666666665,315.18305555555554,1
10145,12125,3c839ed874f2e0444a38bfc8daf5ad5e,1cac29154057b66c1cfcb6ff58e2fdbf,housewares,housewares,2,3,2,0.6666666666666666,2.0270407232481302e-05,32888.666666666664,0.8333333333333333,27407.22222222222,1
10187,10794,65e3848513c9ab70bf542e5d694cf072,44f90f085c7a825863cbf867990e1513,health_beauty,health_beauty,2,5,7,0.4,2.0270407232481302e-05,5638.057142857144,0.34285714285714286,1933.0481632653066,1
10404,11284,d5b703c271f43f9c588a6f512a00f77e,8d98dedc3c19de17f1a090195e85d6b6,toys,toys,2,44,21,0.045454545454545456,2.0270407232481302e-05,213.56277056277057,0.07034632034632035,15.023355072056372,1
10743,31280,521527593ca1726b992318e034dd5690,a25583531530c0913ea4dee2c5c73685,perfumery,perfumery,2,2,3,1.0,2.0270407232481302e-05,32888.666666666664,0.8333333333333333,27407.22222222222,1
10751,24051,0f91b6a95a57a43203a9b17de98960d9,fbc1488c1a1e72ba175f53ab29a248e8,health_beauty,perfumery,2,13,55,0.15384615384615385,2.0270407232481302e-05,275.9888111888112,0.09510489510489512,26.247886938236594,1
10794,10187,44f90f085c7a825863cbf867990e1513,65e3848513c9ab70bf542e5d694cf072,health_beauty,health_beauty,2,7,5,0.2857142857142857,2.0270407232481302e-05,5638.057142857144,0.34285714285714286,1933.0481632653066,1
10824,26347,5f42d57952b7815098979a5c4fa6f82a,6463e442310f2f4f321c83a32d8c662b,health_beauty,health_beauty,2,19,12,0.10526315789473684,2.0270407232481302e-05,865.4912280701755,0.13596491228070173,117.67643890427823,1
10824,4394,5f42d57952b7815098979a5c4fa6f82a,4f0abfbee7569e43b80f9aaa256a9bf8,health_beauty,health_beauty,2,19,17,0.10526315789473684,2.0270407232481302e-05,610.9349845201239,0.11145510835913312,68.09182490007572,2
10888,6336,0a4093a4af429dc0a9334300e5c13ae5,aadff88486740e0b0ebe2be6c09476ae,health_beauty,health_beauty,2,40,40,0.05,2.0270407232481302e-05,123.33250000000001,0.05,6.166625000000001,1
10888,9216,0a4093a4af429dc0a9334300e5c13ae5,e0cf79767c5b016251fe139915c59a26,health_beauty,health_beauty,4,40,131,0.1,4.0540814464962604e-05,75.31755725190841,0.06526717557251908,4.915764232853564,2
10899,4637,0129d1e9b29d3fe6833cc922374cd252,9f14f401fce2d9ddd450e7ce60cb7f5f,consoles_games,consoles_games,2,7,5,0.2857142857142857,2.0270407232481302e-05,5638.057142857144,0.34285714285714286,1933.0481632653066,1
10941,17427,555cdc8ae3abc9870afa02367539b799,2136c70bbe723d338fab53da3c03e6dc,watches_gifts,watches_gifts,2,4,86,0.5,2.0270407232481302e-05,573.6395348837209,0.2616279069767442,150.08011087074095,1
11054,29654,dfb97c88e066dc22165f31648efe1312,a50acd33ba7a8da8e9db65094fa990a4,auto,auto,5,34,83,0.14705882352941177,5.067601808120325e-05,174.8157335223246,0.10364989369241673,18.119632195350796,1
11242,2360,4fe644d766c7566dbc46fb851363cb3b,78efe838c04bbc568be034082200ac20,art,furniture_decor,2,106,100,0.018867924528301886,2.0270407232481302e-05,18.61622641509434,0.019433962264150943,0.3617870416518334,1
11284,10404,8d98dedc3c19de17f1a090195e85d6b6,d5b703c271f43f9c588a6f512a00f77e,toys,toys,2,21,44,0.09523809523809523,2.0270407232481302e-05,213.56277056277057,0.07034632034632035,15.023355072056372,1
11366,212,4025ee582ef6b8c478af3b44cf89054b,f4d705aa95ccca448e5b0deb6e5290ba,bed_bath_table,bed_bath_table,2,16,24,0.125,2.0270407232481302e-05,513.8854166666666,0.10416666666666666,53.52973090277777,1
11366,27851,4025ee582ef6b8c478af3b44cf89054b,c211ff3068fcd2f8898192976d8b3a32,bed_bath_table,bed_bath_table,2,16,34,0.125,2.0270407232481302e-05,362.74264705882354,0.09191176470588236,33.34031682525952,2
11919,4583,f4f67ccaece962d013a4e1d7dc3a61f7,4fcb3d9a5f4871e8362dfedbdb02b064,auto,auto,17,56,89,0.30357142857142855,0.00017229846147609105,336.5413322632424,0.24729133226324235,83.22375441702371,1
11970,26376,b2e7c39bb137bb4b3651862c6b611468,7bf115809ab249f1bf0fa92d72e0baf8,computers_accessories,computers_accessories,2,5,10,0.4,2.0270407232481302e-05,3946.6400000000003,0.30000000000000004,1183.9920000000002,1
11986,2973,5bd7e57735a44e529bf066fee83a9c60,8b51c6ccc9c0548c951214e1cd1547ff,bed_bath_table,bed_bath_table,3,6,14,0.5,3.040561084872195e-05,3523.7857142857147,0.35714285714285715,1258.4948979591838,1
12125,10145,1cac29154057b66c1cfcb6ff58e2fdbf,3c839ed874f2e0444a38bfc8daf5ad5e,housewares,housewares,2,2,3,1.0,2.0270407232481302e-05,32888.666666666664,0.8333333333333333,27407.22222222222,1
12154,29682,6610dc3cac3b77009d969495cc2d7037,d93e0523fc2cc1c5a81d432364ed2d06,bed_bath_table,bed_bath_table,2,3,3,0.6666666666666666,2.0270407232481302e-05,21925.777777777777,0.6666666666666666,14617.185185185184,1
12330,16552,f3ae4ce1b63810f2921ff353ddbec67d,e9dd44f105ffdcb98405c94f1d0bbdd9,furniture_decor,furniture_decor,2,2,3,1.0,2.0270407232481302e-05,32888.666666666664,0.8333333333333333,27407.22222222222,1
12345,20275,14dffa241a078aeaebaef48a49e807ca,014a8a503291921f7b004a5215bb3c36,baby,baby,2,23,18,0.08695652173913043,2.0270407232481302e-05,476.6473429951691,0.09903381642512077,47.20420546570515,1
12372,4526,9d0bb30eed80184666c8acad23921283,b3cf0a98f31b76ed0cec13d9c77102c4,books_general_interest,market_place,2,19,13,0.10526315789473684,2.0270407232481302e-05,798.914979757085,0.12955465587044535,103.50315527217296,1
12545,6701,113f80f12c8892f0c59206f70b862b40,eb048e296b8db6cd64b1bafd9500786c,bed_bath_table,bed_bath_table,2,8,2,0.25,2.0270407232481302e-05,12333.25,0.625,7708.28125,1
12545,2822,113f80f12c8892f0c59206f70b862b40,a1dd59756b92c62cd39375d0b0222698,bed_bath_table,bed_bath_table,2,8,9,0.25,2.0270407232481302e-05,2740.722222222222,0.2361111111111111,647.1149691358024,2
12664,18420,7dac8901a50cf3317d5372cbd3186ecd,6c55ba2343f9df32c7f88a468352ff22,watches_gifts,watches_gifts,2,7,11,0.2857142857142857,2.0270407232481302e-05,2562.753246753247,0.23376623376623376,599.085174565694,1
12761,7139,005030ef108f58b46b78116f754d8d38,51250f90d798d377a1928e8a4e2e9ae1,perfumery,perfumery,2,13,12,0.15384615384615385,2.0270407232481302e-05,1264.9487179487178,0.16025641025641024,202.7161406969099,1
12761,26008,005030ef108f58b46b78116f754d8d38,75c06ee06b201f9b6301d2b5e72993f8,perfumery,perfumery,2,13,28,0.15384615384615385,2.0270407232481302e-05,542.1208791208792,0.11263736263736264,61.063066054824304,2
12783,30578,b9900407a55cb2b306ae612415c3340e,55bfa0307d7a46bed72c492259921231,books_general_interest,books_general_interest,3,6,6,0.5,3.040561084872195e-05,8222.166666666666,0.5,4111.083333333333,1
12783,18318,b9900407a55cb2b306ae612415c3340e,e2cac69b319c0f8a21dbf04b925121bf,books_general_interest,books_general_interest,3,6,7,0.5,3.040561084872195e-05,7047.571428571429,0.4642857142857143,3272.086734693878,2
12993,31441,4f88323d03ffaf090b8fb0116b33c95e,592962829d5a715304344e656e39108a,bed_bath_table,bed_bath_table,2,9,12,0.2222222222222222,2.0270407232481302e-05,1827.1481481481483,0.19444444444444442,355.27880658436214,1
12993,30891,4f88323d03ffaf090b8fb0116b33c95e,3e5201fe0d1ba474d9b90152c83c706c,bed_bath_table,bed_bath_table,3,9,43,0.3333333333333333,3.040561084872195e-05,764.8527131782945,0.20155038759689922,154.15636079562523,2
13089,5823,b1acb7e8152c90c9619897753a75c973,2b4609f8948be18874494203496bc318,health_beauty,health_beauty,2,44,259,0.045454545454545456,2.0270407232481302e-05,17.31590031590032,0.026588276588276588,0.4603999469741836,1
13177,19814,0aabfb375647d9738ad0f7b4ea3653b1,6c3effec7c8ddba466d4f03f982c7aa3,consoles_games,consoles_games,5,138,94,0.036231884057971016,5.067601808120325e-05,38.03037311131668,0.04471168670983657,1.700402128011384,1
13241,26390,e6b314a2236c162ede1a879f1075430f,ad4b5def91ac7c575dbdf65b5be311f4,computers_accessories,computers_accessories,6,9,9,0.6666666666666666,6.08112216974439e-05,7308.592592592593,0.6666666666666666,4872.395061728395,1
13302,6697,eb9b44e05684527fbfdfd0ff5cb86250,e2f1ccf86759df28dd1e9f2e0e3242d4,health_beauty,health_beauty,2,5,11,0.4,2.0270407232481302e-05,3587.854545454546,0.2909090909090909,1043.7395041322316,1
13454,6804,0be487faac01dd57fd7ed17cfbdf2dee,4d272fe20c57c64dc74b3db191fc31ef,bed_bath_table,bed_bath_table,3,5,17,0.6,3.040561084872195e-05,3482.329411764706,0.38823529411764707,1351.9631833910034,1
13558,30544,c43ab4269cbf91b373263db4c2973cad,c03d44fcdfabbabd5185c8eb60f77aea,cool_stuff,cool_stuff,2,24,7,0.08333333333333333,2.0270407232481302e-05,1174.5952380952383,0.1845238095238095,216.74078798185943,1
13558,5407,c43ab4269cbf91b373263db4c2973cad,d65b6607952f9e0d705b1cbdc92ac027,cool_stuff,cool_stuff,2,24,8,0.08333333333333333,2.0270407232481302e-05,1027.7708333333333,0.16666666666666666,171.29513888888886,2
13894,21090,c7b3cf9de7be95b3e09e7a63315685eb,f71973c922ccaab05514a36a8bc741b8,luggage_accessories,luggage_accessories,2,35,61,0.05714285714285714,2.0270407232481302e-05,92.42716627634663,0.04496487119437939,4.155975626477413,1
13966,19603,cd2ea14a901da3b47b33516f3ca6929e,1a4247b6eddc27c68f7995dcc68b01e2,health_beauty,health_beauty,2,15,3,0.13333333333333333,2.0270407232481302e-05,4385.155555555556,0.39999999999999997,1754.0622222222223,1
14052,7346,422879e10f46682990de24d770e7f83d,0bcc3eeca39e1064258aa1e932269894,garden_tools,garden_tools,6,352,100,0.017045454545454544,6.08112216974439e-05,16.81806818181818,0.03852272727272727,0.647877853822314,1
14052,30294,422879e10f46682990de24d770e7f83d,389d119b48cf3043d311335e499d9c6b,garden_tools,garden_tools,11,352,311,0.03125,0.00011148723977864716,9.91418810289389,0.03330988745980708,0.33024048996275374,2
14052,21778,422879e10f46682990de24d770e7f83d,b0961721fd839e9982420e807758a2a6,garden_tools,garden_tools,3,352,97,0.008522727272727272,3.040561084872195e-05,8.669107310215557,0.019725281162136832,0.17100057911873762,3
14052,32099,422879e10f46682990de24d770e7f83d,53759a2ecddad2bb87a079a1f1519f73,garden_tools,garden_tools,7,352,287,0.019886363636363636,7.094642531368455e-05,6.836613082039911,0.022138303769401332,0.15135101716406263,4
14052,4599,422879e10f46682990de24d770e7f83d,368c6c730842d78016ad823897a372db,garden_tools,garden_tools,2,352,291,0.005681818181818182,2.0270407232481302e-05,1.9264682911590127,0.006277335207747579,0.012093087230701785,5
14102,28345,e1901d5d99ca951543717ea5d1940a36,81e7937893af4703d4d14ca3e3765b59,cool_stuff,baby,2,11,8,0.18181818181818182,2.0270407232481302e-05,2242.409090909091,0.2159090909090909,484.15650826446284,1
14319,15257,b2b938c46aafdbf702d73e7edb9cb263,def59eb2e17b32b980b5341984f6b500,pet_shop,pet_shop,2,4,8,0.5,2.0270407232481302e-05,6166.625,0.375,2312.484375,1
14452,2094,d2c7a1e57b8f3e74095798f867334b36,69523f67543ff9ea6b1a15858fb59b3b,watches_gifts,watches_gifts,2,8,8,0.25,2.0270407232481302e-05,3083.3125,0.25,770.828125,1
15013,26140,e5ae72c62ebfa708624f5029d609b160,5b8a5a9417210b1b84b67b9a7aefb935,computers_accessories,computers_accessories,6,34,21,0.17647058823529413,6.08112216974439e-05,829.1260504201681,0.23109243697478993,191.60475955087918,1
15181,807,ead6d52e3dc075669af5d7a1958b0f07,1ac09f60f3c3bc2021c637ef23fa3248,toys,toys,2,8,8,0.25,2.0270407232481302e-05,3083.3125,0.25,770.828125,1
15257,14319,def59eb2e17b32b980b5341984f6b500,b2b938c46aafdbf702d73e7edb9cb263,pet_shop,pet_shop,2,8,4,0.25,2.0270407232481302e-05,6166.625,0.375,2312.484375,1
15439,19506,3e7d7087ff8bbc0e9568b56ba3504a34,8ee57a1f636eb2e009706bbdb0818ecc,health_beauty,health_beauty,2,3,3,0.6666666666666666,2.0270407232481302e-05,21925.777777777777,0.6666666666666666,14617.185185185184,1
15529,17427,5c692818d313aa12864b48ac0c2472c2,2136c70bbe723d338fab53da3c03e6dc,watches_gifts,watches_gifts,3,22,86,0.13636363636363635,3.040561084872195e-05,156.44714587737843,0.08562367864693446,13.395580143834728,1
15631,9586,b7d2c90f9161dc69fa75d22572003bc4,e256d05115f9eb3766f3ab752132a4e2,computers_accessories,computers_accessories,2,3,8,0.6666666666666666,2.0270407232481302e-05,8222.166666666666,0.4583333333333333,3768.493055555555,1
15631,9044,b7d2c90f9161dc69fa75d22572003bc4,1dc7685f4fdb9622d84ae2ec658d5bbf,computers_accessories,computers_accessories,2,3,9,0.6666666666666666,2.0270407232481302e-05,7308.592592592593,0.4444444444444444,3248.2633744855966,2
15702,27701,810e2944bca9850b934e1570ba372e7d,5d6bea33648f018dbb563f3a2fab09f3,furniture_decor,furniture_decor,3,27,38,0.1111111111111111,3.040561084872195e-05,288.4970760233918,0.09502923976608187,27.415657809240447,1
15919,7460,9bb8ca338e5588c361e34eae02e8fad6,b8a0d73b2a06e7910d9864dccdb0cda2,health_beauty,health_beauty,3,32,30,0.09375,3.040561084872195e-05,308.33124999999995,0.096875,29.869589843749996,1
15919,8724,9bb8ca338e5588c361e34eae02e8fad6,f40876e0ef3cd5f9132b1f16b04b1346,health_beauty,health_beauty,3,32,49,0.09375,3.040561084872195e-05,188.77423469387756,0.07748724489795919,14.627595354149314,2
15940,21107,bf477d995ee4444807afc574cfbcc1c1,96ea4f32befa14bd8ab36fd6827a5e3f,toys,toys,2,2,3,1.0,2.0270407232481302e-05,32888.666666666664,0.8333333333333333,27407.22222222222,1
16114,28233,07ffc018eaf23e086370dea42c74077b,fc5dd987f12a7b823a76a44aa1ba88f6,costruction_tools_garden,Unknown,3,5,5,0.6,3.040561084872195e-05,11839.92,0.6,7103.952,1
16114,19188,07ffc018eaf23e086370dea42c74077b,7eaf66aca1ed54df09b3c864b7416110,costruction_tools_garden,costruction_tools_garden,2,5,4,0.4,2.0270407232481302e-05,9866.6,0.45,4439.97,2
16114,1678,07ffc018eaf23e086370dea42c74077b,53c61580d8e5c4941a358ee0335c1d5c,costruction_tools_garden,costruction_tools_garden,2,5,4,0.4,2.0270407232481302e-05,9866.6,0.45,4439.97,3
16212,3255,060f0122cdc8f25db4a0d7359fdae7b0,57f2bc497c1a3ebe41ba7a06d78ed159,watches_gifts,watches_gifts,4,16,38,0.25,4.0540814464962604e-05,649.1184210526316,0.17763157894736842,115.30393005540165,1
16405,4200,40639ced9d62eca7f4637b1be4ccdf44,748b719f4cbfdcb99cae90bf4bb16217,toys,toys,2,3,5,0.6666666666666666,2.0270407232481302e-05,13155.466666666669,0.5333333333333333,7016.24888888889,1
16552,12330,e9dd44f105ffdcb98405c94f1d0bbdd9,f3ae4ce1b63810f2921ff353ddbec67d,furniture_decor,furniture_decor,2,3,2,0.6666666666666666,2.0270407232481302e-05,32888.666666666664,0.8333333333333333,27407.22222222222,1
16608,8955,ba74c6b75d2ad7503175809688d5a03c,c5b72065154ec27c2d1ed8a654c3348f,watches_gifts,watches_gifts,2,25,29,0.08,2.0270407232481302e-05,272.18206896551726,0.07448275862068965,20.272871343638524,1
16749,29130,909b87db6cb3a7ab26bd03cc59860136,3dd2a17168ec895c781a9191c1e95ad7,computers_accessories,computers_accessories,2,29,255,0.06896551724137931,2.0270407232481302e-05,26.68451656524679,0.038404327248140635,1.0248009066301673,1
17177,19547,e906fa76a27488f805ba8584a4c10cba,85b6cd7f57f7a06d180c93e8c74f6381,bed_bath_table,bed_bath_table,2,5,6,0.4,2.0270407232481302e-05,6577.7333333333345,0.3666666666666667,2411.8355555555563,1
17217,26359,145140d23f166a1166dc4437107df8cc,c2ad928095a0d199c4d44b2194119ce2,stationery,stationery,2,3,2,0.6666666666666666,2.0270407232481302e-05,32888.666666666664,0.8333333333333333,27407.22222222222,1
17249,21396,56cdfe67fbda57c1dcc752f5f361f981,e53e557d5a159f5aa2c5e995dfdf244b,computers_accessories,computers_accessories,3,8,156,0.375,3.040561084872195e-05,237.17788461538464,0.1971153846153846,46.751409948224854,1
17423,21605,3f4269f81421aadbfc643a23d5dbf3ff,c8a4cbaafa1f0579063ec64cf40ae153,auto,auto,2,3,5,0.6666666666666666,2.0270407232481302e-05,13155.466666666669,0.5333333333333333,7016.24888888889,1
17427,10941,2136c70bbe723d338fab53da3c03e6dc,555cdc8ae3abc9870afa02367539b799,watches_gifts,watches_gifts,2,86,4,0.023255813953488372,2.0270407232481302e-05,573.6395348837209,0.2616279069767442,150.08011087074095,1
17427,28313,2136c70bbe723d338fab53da3c03e6dc,a84d0660dbffebf352aefbf1a6b18d00,watches_gifts,watches_gifts,3,86,13,0.03488372093023256,3.040561084872195e-05,264.75670840787114,0.13282647584973167,35.16670053539255,2
17427,15529,2136c70bbe723d338fab53da3c03e6dc,5c692818d313aa12864b48ac0c2472c2,watches_gifts,watches_gifts,3,86,22,0.03488372093023256,3.040561084872195e-05,156.44714587737843,0.08562367864693446,13.395580143834728,3
17427,2644,2136c70bbe723d338fab53da3c03e6dc,87cb507e0daa37bbf34956fd59eba832,watches_gifts,watches_gifts,2,86,22,0.023255813953488372,2.0270407232481302e-05,104.29809725158562,0.05708245243128964,5.953591175037657,4
17912,19612,494e28e86f2b12df2d95e9d55266ef4a,fcf311603fa276d415c006188e7bd070,telephony,telephony,2,2,2,1.0,2.0270407232481302e-05,49333.0,1.0,49333.0,1
18054,31696,f6e3aeb40c00aec24ade8333c2ac1b20,db7f3f42ccab32fa6328b3063b278bcc,consoles_games,consoles_games,2,8,11,0.25,2.0270407232481302e-05,2242.409090909091,0.2159090909090909,484.15650826446284,1
18057,24279,3ceb44c75e6981ff0987bb90c95694c0,57c580a8fbf3d8374b06bee7b6f4ce31,furniture_decor,furniture_decor,2,6,8,0.3333333333333333,2.0270407232481302e-05,4111.083333333333,0.29166666666666663,1199.065972222222,1
18318,30578,e2cac69b319c0f8a21dbf04b925121bf,55bfa0307d7a46bed72c492259921231,books_general_interest,books_general_interest,3,7,6,0.42857142857142855,3.040561084872195e-05,7047.571428571429,0.4642857142857143,3272.086734693878,1
18318,12783,e2cac69b319c0f8a21dbf04b925121bf,b9900407a55cb2b306ae612415c3340e,books_general_interest,books_general_interest,3,7,6,0.42857142857142855,3.040561084872195e-05,7047.571428571429,0.4642857142857143,3272.086734693878,2
18420,12664,6c55ba2343f9df32c7f88a468352ff22,7dac8901a50cf3317d5372cbd3186ecd,watches_gifts,watches_gifts,2,11,7,0.18181818181818182,2.0270407232481302e-05,2562.753246753247,0.23376623376623376,599.085174565694,1
18490,26267,186fe07c8b8005ec6a498587ffbc1352,0bdd9a52d192d64770e33ae559512478,watches_gifts,watches_gifts,2,34,15,0.058823529411764705,2.0270407232481302e-05,386.92549019607844,0.09607843137254901,37.17519415609381,1
18490,2644,186fe07c8b8005ec6a498587ffbc1352,87cb507e0daa37bbf34956fd59eba832,watches_gifts,watches_gifts,2,34,22,0.058823529411764705,2.0270407232481302e-05,263.81283422459893,0.0748663101604278,19.750693471360346,2
18538,31235,a2a1a65832c02f8a82d82c12aa0dbea9,fd91e23b4465803725f329b39afe018a,furniture_decor,furniture_decor,2,2,2,1.0,2.0270407232481302e-05,49333.0,1.0,49333.0,1
18706,19862,060cb19345d90064d1015407193c233d,98d61056e0568ba048e5d78038790e77,auto,auto,6,25,38,0.24,6.08112216974439e-05,623.1536842105263,0.19894736842105262,123.97478559556787,1
18920,7264,3bbacbe586e957acbf26c63b3ed532a3,a6b56b20f93907299eef6ea711338269,pet_shop,pet_shop,2,14,3,0.14285714285714285,2.0270407232481302e-05,4698.380952380953,0.40476190476190477,1901.7256235827667,1
18975,19284,100260bf9206d859dc8db128c8c5afc9,a2a91fe6d8762e0371abd964cef88ec6,housewares,housewares,3,9,5,0.3333333333333333,3.040561084872195e-05,6577.733333333334,0.4666666666666667,3069.608888888889,1
19183,1195,642a40d4d73b4b2604968937de13634a,7736ea239e147291f6adb766c992beb1,bed_bath_table,bed_bath_table,2,22,6,0.09090909090909091,2.0270407232481302e-05,1494.939393939394,0.2121212121212121,317.10835629017447,1
19188,28233,7eaf66aca1ed54df09b3c864b7416110,fc5dd987f12a7b823a76a44aa1ba88f6,costruction_tools_garden,Unknown,3,4,5,0.75,3.040561084872195e-05,14799.900000000001,0.675,9989.9325,1
19188,16114,7eaf66aca1ed54df09b3c864b7416110,07ffc018eaf23e086370dea42c74077b,costruction_tools_garden,costruction_tools_garden,2,4,5,0.5,2.0270407232481302e-05,9866.6,0.45,4439.97,2
19276,3903,1eaf224c19e07b6e50bf0119eea1dd26,0fa81e7123fd0ebe03adbbe99d912827,bed_bath_table,bed_bath_table,2,11,22,0.18181818181818182,2.0270407232481302e-05,815.4214876033058,0.13636363636363635,111.19383921863259,1
19284,18975,a2a91fe6d8762e0371abd964cef88ec6,100260bf9206d859dc8db128c8c5afc9,housewares,housewares,3,5,9,0.6,3.040561084872195e-05,6577.733333333334,0.4666666666666667,3069.608888888889,1
19303,23887,1600dcf1cea8c0c83702e07b577ab231,e57eb018e37376580079825eb29a3419,watches_gifts,watches_gifts,2,36,19,0.05555555555555555,2.0270407232481302e-05,288.4970760233918,0.0804093567251462,23.197864300126533,1
19388,21689,64fb265487de2238627ce43fe8a67efc,84f456958365164420cfc80fbe4c7fab,bed_bath_table,bed_bath_table,4,73,106,0.0547945205479452,4.0540814464962604e-05,51.00336004135436,0.046265184802274484,2.3596798778502017,1
19475,8635,cf0d29a0ea1464f4c3e5594d0746c51b,57fcacc3434a1f2f2b039c1b4e61f5e1,telephony,telephony,2,2,11,1.0,2.0270407232481302e-05,8969.636363636364,0.5909090909090909,5300.239669421488,1
19506,15439,8ee57a1f636eb2e009706bbdb0818ecc,3e7d7087ff8bbc0e9568b56ba3504a34,health_beauty,health_beauty,2,3,3,0.6666666666666666,2.0270407232481302e-05,21925.777777777777,0.6666666666666666,14617.185185185184,1
19547,17177,85b6cd7f57f7a06d180c93e8c74f6381,e906fa76a27488f805ba8584a4c10cba,bed_bath_table,bed_bath_table,2,6,5,0.3333333333333333,2.0270407232481302e-05,6577.7333333333345,0.3666666666666667,2411.8355555555563,1
19603,13966,1a4247b6eddc27c68f7995dcc68b01e2,cd2ea14a901da3b47b33516f3ca6929e,health_beauty,health_beauty,2,3,15,0.6666666666666666,2.0270407232481302e-05,4385.155555555556,0.39999999999999997,1754.0622222222223,1
19612,17912,fcf311603fa276d415c006188e7bd070,494e28e86f2b12df2d95e9d55266ef4a,telephony,telephony,2,2,2,1.0,2.0270407232481302e-05,49333.0,1.0,49333.0,1
19650,26552,26facbccf840188b92bcc8cb89fe1f64,5b1f3328a2c6f837ecce21bca1489939,construction_tools_construction,construction_tools_construction,2,5,2,0.4,2.0270407232481302e-05,19733.2,0.7,13813.24,1
19814,13177,6c3effec7c8ddba466d4f03f982c7aa3,0aabfb375647d9738ad0f7b4ea3653b1,consoles_games,consoles_games,5,94,138,0.05319148936170213,5.067601808120325e-05,38.03037311131668,0.04471168670983657,1.700402128011384,1
19862,1075,98d61056e0568ba048e5d78038790e77,29e4631be78811ab993ae12613053b53,auto,auto,2,38,3,0.05263157894736842,2.0270407232481302e-05,1730.982456140351,0.35964912280701755,622.5463219452139,1
19862,18706,98d61056e0568ba048e5d78038790e77,060cb19345d90064d1015407193c233d,auto,auto,6,38,25,0.15789473684210525,6.08112216974439e-05,623.1536842105263,0.19894736842105262,123.97478559556787,2
19862,29654,98d61056e0568ba048e5d78038790e77,a50acd33ba7a8da8e9db65094fa990a4,auto,auto,2,38,83,0.05263157894736842,2.0270407232481302e-05,62.56563094483196,0.038363982244768544,2.4002667547002745,3
20187,29657,c0737ec7b87906c79f130f39cec3d3ee,a3309868978f986b3865b8a3729192e2,bed_bath_table,bed_bath_table,2,2,2,1.0,2.0270407232481302e-05,49333.0,1.0,49333.0,1
20275,12345,014a8a503291921f7b004a5215bb3c36,14dffa241a078aeaebaef48a49e807ca,baby,baby,2,18,23,0.1111111111111111,2.0270407232481302e-05,476.6473429951691,0.09903381642512077,47.20420546570515,1
20275,32301,014a8a503291921f7b004a5215bb3c36,dd6a505f83dd3c6326aa9856519e0978,baby,toys,2,18,36,0.1111111111111111,2.0270407232481302e-05,304.5246913580247,0.08333333333333333,25.377057613168724,2
20388,21423,976ab50ce2361a9f99aaf9fd4037a00a,9cc50a8fd6a69a4d287d62d52ee5d009,books_general_interest,books_general_interest,2,3,2,0.6666666666666666,2.0270407232481302e-05,32888.666666666664,0.8333333333333333,27407.22222222222,1
20491,29011,dbb67791e405873b259e4656bf971246,18486698933fbb64af6c0a255f7dd64c,computers_accessories,computers_accessories,7,65,17,0.1076923076923077,7.094642531368455e-05,625.0334841628959,0.2597285067873303,162.3390135337114,1
20501,3681,345ebf31824c3871cbb94c377190d6f9,3743820de2227103b72b029a352fb98b,computers_accessories,computers_accessories,2,8,3,0.25,2.0270407232481302e-05,8222.166666666666,0.4583333333333333,3768.493055555555,1
20506,31548,1fe7076c53248559454a7e1d6c1037f9,ce003d873dc7d3c9482b894f2f2cc3e3,bed_bath_table,bed_bath_table,2,2,2,1.0,2.0270407232481302e-05,49333.0,1.0,49333.0,1
20535,30640,89039f76a4c1ed8e4c13f4b531f158ca,0b5c0ecd14105464e2b879a307092e3f,luggage_accessories,luggage_accessories,2,4,3,0.5,2.0270407232481302e-05,16444.333333333332,0.5833333333333333,9592.527777777776,1
20572,7018,a92930c327948861c015c919a0bcb4a8,dc52f0f5d3ec37a93eaf956cde4e5d2c,watches_gifts,watches_gifts,2,158,39,0.012658227848101266,2.0270407232481302e-05,32.024018175916915,0.03197013956507627,1.023812330518603,1
20686,3131,86c43103446290e7efacad3701cd654d,8264f2dcca3aa83cb217d7f09e9c8cf8,watches_gifts,watches_gifts,2,27,2,0.07407407407407407,2.0270407232481302e-05,3654.2962962962965,0.537037037037037,1962.4924554183813,1
20686,1247,86c43103446290e7efacad3701cd654d,2d27434c710806b971a721da337a112a,watches_gifts,watches_gifts,3,27,11,0.1111111111111111,3.040561084872195e-05,996.6262626262626,0.1919191919191919,191.27170696867665,2
20840,7973,ff2c1ec09b1bb340e84f0d6b21cc7dbb,b0c89945c034268074f5f80b362bda34,bed_bath_table,bed_bath_table,3,6,16,0.5,3.040561084872195e-05,3083.3124999999995,0.34375,1059.8886718749998,1
21041,23398,47ea90e9a2976bc290c3cdf3b5e0573d,d1b1a0e78589ee89279d0be1e4a8b905,bed_bath_table,bed_bath_table,2,7,6,0.2857142857142857,2.0270407232481302e-05,4698.380952380953,0.30952380952380953,1454.260770975057,1
21050,5120,0981ba54d8ddc68299f7c7a7d23bb2c9,6522b16614da30655a6a5ce4c8f2fb8b,bed_bath_table,bed_bath_table,2,3,4,0.6666666666666666,2.0270407232481302e-05,16444.333333333332,0.5833333333333333,9592.527777777776,1
21090,13894,f71973c922ccaab05514a36a8bc741b8,c7b3cf9de7be95b3e09e7a63315685eb,luggage_accessories,luggage_accessories,2,61,35,0.03278688524590164,2.0270407232481302e-05,92.42716627634663,0.04496487119437939,4.155975626477413,1
21107,15940,96ea4f32befa14bd8ab36fd6827a5e3f,bf477d995ee4444807afc574cfbcc1c1,toys,toys,2,3,2,0.6666666666666666,2.0270407232481302e-05,32888.666666666664,0.8333333333333333,27407.22222222222,1
21107,23633,96ea4f32befa14bd8ab36fd6827a5e3f,731599825523e54feea5f4678ca8f54f,toys,toys,2,3,4,0.6666666666666666,2.0270407232481302e-05,16444.333333333332,0.5833333333333333,9592.527777777776,2
21141,21479,ae7fbf136a49b58f2d38fafb2f3205b8,ad0a798e7941f3a5a2fb8139cb62ad78,bed_bath_table,bed_bath_table,2,3,12,0.6666666666666666,2.0270407232481302e-05,5481.444444444444,0.41666666666666663,2283.9351851851848,1
21159,29609,d199462b8361a3e047e64595bce5b6ea,fc2d17e60bdd3349a25f3ca6a802a91e,stationery,stationery,2,4,2,0.5,2.0270407232481302e-05,24666.5,0.75,18499.875,1
21362,25066,c9c6fde711572c1ad99ca12728c6af00,31c79131e883e5fd8c4c85fe9f7d2bb2,telephony,telephony,2,75,19,0.02666666666666667,2.0270407232481302e-05,138.47859649122807,0.06596491228070175,9.134728470298553,1
21396,6870,e53e557d5a159f5aa2c5e995dfdf244b,36f60d45225e60c7da4558b070ce4b60,computers_accessories,computers_accessories,34,156,111,0.21794871794871795,0.0003445969229521821,193.73088473088472,0.2621275121275121,50.78219483676864,1
21396,17249,e53e557d5a159f5aa2c5e995dfdf244b,56cdfe67fbda57c1dcc752f5f361f981,computers_accessories,computers_accessories,3,156,8,0.019230769230769232,3.040561084872195e-05,237.17788461538464,0.1971153846153846,46.751409948224854,2
21423,20388,9cc50a8fd6a69a4d287d62d52ee5d009,976ab50ce2361a9f99aaf9fd4037a00a,books_general_interest,books_general_interest,2,2,3,1.0,2.0270407232481302e-05,32888.666666666664,0.8333333333333333,27407.22222222222,1
21436,9131,480be8d20c4b6a7df1eae0f2c17f2db2,0cfc9fea40ee0f7006d150fbdf3fa808,books_general_interest,books_general_interest,3,9,3,0.3333333333333333,3.040561084872195e-05,10962.88888888889,0.6666666666666666,7308.592592592593,1
21474,21599,197f7d1d3a8b0bf0c8f0394ff71b574b,67fcc72a4cfd0ac826c0158ce5c98ae6,construction_tools_lights,sports_leisure,2,4,3,0.5,2.0270407232481302e-05,16444.333333333332,0.5833333333333333,9592.527777777776,1
21479,21141,ad0a798e7941f3a5a2fb8139cb62ad78,ae7fbf136a49b58f2d38fafb2f3205b8,bed_bath_table,bed_bath_table,2,12,3,0.16666666666666666,2.0270407232481302e-05,5481.444444444444,0.41666666666666663,2283.9351851851848,1
21479,30896,ad0a798e7941f3a5a2fb8139cb62ad78,946344697156947d846d27fe0d503033,bed_bath_table,bed_bath_table,6,12,15,0.5,6.08112216974439e-05,3288.866666666667,0.45,1479.99,2
21479,269,ad0a798e7941f3a5a2fb8139cb62ad78,23ab7bb9eac81e85ec43ed71064cf7ce,bed_bath_table,bed_bath_table,2,12,8,0.16666666666666666,2.0270407232481302e-05,2055.5416666666665,0.20833333333333331,428.2378472222222,3
21479,7973,ad0a798e7941f3a5a2fb8139cb62ad78,b0c89945c034268074f5f80b362bda34,bed_bath_table,bed_bath_table,3,12,16,0.25,3.040561084872195e-05,1541.6562499999998,0.21875,337.23730468749994,4
21599,21474,67fcc72a4cfd0ac826c0158ce5c98ae6,197f7d1d3a8b0bf0c8f0394ff71b574b,sports_leisure,construction_tools_lights,2,3,4,0.6666666666666666,2.0270407232481302e-05,16444.333333333332,0.5833333333333333,9592.527777777776,1
21605,17423,c8a4cbaafa1f0579063ec64cf40ae153,3f4269f81421aadbfc643a23d5dbf3ff,auto,auto,2,5,3,0.4,2.0270407232481302e-05,13155.466666666669,0.5333333333333333,7016.24888888889,1
21689,19388,84f456958365164420cfc80fbe4c7fab,64fb265487de2238627ce43fe8a67efc,bed_bath_table,bed_bath_table,4,106,73,0.03773584905660377,4.0540814464962604e-05,51.00336004135436,0.046265184802274484,2.3596798778502017,1
21760,25513,c403e106353e1aa40efe783ecb39ed7a,9fc98e39f04be8e382d8aa5e259f5489,bed_bath_table,bed_bath_table,3,24,17,0.125,3.040561084872195e-05,725.4852941176471,0.15073529411764708,109.35623918685123,1
21778,7346,b0961721fd839e9982420e807758a2a6,0bcc3eeca39e1064258aa1e932269894,garden_tools,garden_tools,3,97,100,0.030927835051546393,3.040561084872195e-05,30.51525773195876,0.030463917525773196,0.9296142948241044,1
21778,14052,b0961721fd839e9982420e807758a2a6,422879e10f46682990de24d770e7f83d,garden_tools,garden_tools,3,97,352,0.030927835051546393,3.040561084872195e-05,8.669107310215557,0.019725281162136832,0.17100057911873762,2
21778,32099,b0961721fd839e9982420e807758a2a6,53759a2ecddad2bb87a079a1f1519f73,garden_tools,garden_tools,2,97,287,0.020618556701030927,2.0270407232481302e-05,7.088329322173928,0.013793598908006754,0.09777357159793056,3
21778,4599,b0961721fd839e9982420e807758a2a6,368c6c730842d78016ad823897a372db,garden_tools,garden_tools,2,97,291,0.020618556701030927,2.0270407232481302e-05,6.990895242144046,0.013745704467353952,0.09609477996074291,4
21778,30294,b0961721fd839e9982420e807758a2a6,389d119b48cf3043d311335e499d9c6b,garden_tools,garden_tools,2,97,311,0.020618556701030927,2.0270407232481302e-05,6.541319985414526,0.01352471243411675,0.08846947174227224,5
21912,269,74939659dbb10592e383bebf2f78272c,23ab7bb9eac81e85ec43ed71064cf7ce,bed_bath_table,bed_bath_table,2,8,8,0.25,2.0270407232481302e-05,3083.3125,0.25,770.828125,1
21959,24562,f2ecbb02b6da187a9f14b8ac5781faec,017692475c1c954ff597feda05131d73,perfumery,perfumery,3,12,24,0.25,3.040561084872195e-05,1027.7708333333333,0.1875,192.70703125,1
22019,31738,e3323b0d3f79bdf85b58561d2218bc12,ae52eeb8383b94455f0a08b1f88ad002,computers_accessories,computers_accessories,2,4,21,0.5,2.0270407232481302e-05,2349.190476190476,0.2976190476190476,699.1638321995465,1
22584,29772,5fc3e6a4b52b0c414458104ed4037f1c,5d790355cbeded0cd60e25cbc4c527a2,computers_accessories,computers_accessories,6,19,16,0.3157894736842105,6.08112216974439e-05,1947.3552631578943,0.34539473684210525,672.6062586565096,1
22854,8462,be59d6c35e43e4bae41772d4b87136a4,fa243e761ae871597627e917611eeb23,bed_bath_table,bed_bath_table,2,8,3,0.25,2.0270407232481302e-05,8222.166666666666,0.4583333333333333,3768.493055555555,1
23080,26483,32459442f3b850918e20febc47c9edfb,1a1607ff3b9bced214efc0a8cdfb2510,sports_leisure,sports_leisure,2,3,2,0.6666666666666666,2.0270407232481302e-05,32888.666666666664,0.8333333333333333,27407.22222222222,1
23398,21041,d1b1a0e78589ee89279d0be1e4a8b905,47ea90e9a2976bc290c3cdf3b5e0573d,bed_bath_table,bed_bath_table,2,6,7,0.3333333333333333,2.0270407232481302e-05,4698.380952380953,0.30952380952380953,1454.260770975057,1
23417,31388,87d780fa7d2cf3710aa02dc4ca8db985,8a443635fdf9759915c9be5be2e3b862,bed_bath_table,bed_bath_table,3,23,27,0.13043478260869565,3.040561084872195e-05,476.64734299516914,0.12077294685990338,57.5661042264697,1
23417,8593,87d780fa7d2cf3710aa02dc4ca8db985,9d32095f76b97762307e86cfc18dd7a0,bed_bath_table,bed_bath_table,2,23,17,0.08695652173913043,2.0270407232481302e-05,504.685421994885,0.10230179028132992,51.63022219896522,2
23417,3903,87d780fa7d2cf3710aa02dc4ca8db985,0fa81e7123fd0ebe03adbbe99d912827,bed_bath_table,bed_bath_table,2,23,22,0.08695652173913043,2.0270407232481302e-05,389.9841897233202,0.08893280632411067,34.682388414129264,3
23633,21107,731599825523e54feea5f4678ca8f54f,96ea4f32befa14bd8ab36fd6827a5e3f,toys,toys,2,4,3,0.5,2.0270407232481302e-05,16444.333333333332,0.5833333333333333,9592.527777777776,1
23887,19303,e57eb018e37376580079825eb29a3419,1600dcf1cea8c0c83702e07b577ab231,watches_gifts,watches_gifts,2,19,36,0.10526315789473684,2.0270407232481302e-05,288.4970760233918,0.0804093567251462,23.197864300126533,1
23893,32147,058b372f969b59e8c4a27e224243909c,fb55982be901439613a95940feefd9ee,stationery,stationery,3,7,82,0.42857142857142855,3.040561084872195e-05,515.6759581881533,0.23257839721254353,119.93508783644332,1
23895,27001,cf6514025ef5d3a93d69d2a7bfa4036b,cce679660c66e6fbd5c8091dfd29e9cd,bed_bath_table,bed_bath_table,2,8,14,0.25,2.0270407232481302e-05,1761.8928571428573,0.19642857142857142,346.08609693877554,1
23955,7669,e8c6039a25765995ac7c1ec2cbef5765,4910917f05092f331bf3a477f791cc01,watches_gifts,watches_gifts,2,14,7,0.14285714285714285,2.0270407232481302e-05,2013.5918367346942,0.21428571428571427,431.4839650145773,1
24051,2149,fbc1488c1a1e72ba175f53ab29a248e8,6e423c2d28bfb207e1fd1d6e1df84721,perfumery,perfumery,3,55,3,0.05454545454545454,3.040561084872195e-05,1793.9272727272726,0.5272727272727272,945.8889256198346,1
24051,10751,fbc1488c1a1e72ba175f53ab29a248e8,0f91b6a95a57a43203a9b17de98960d9,perfumery,health_beauty,2,55,13,0.03636363636363636,2.0270407232481302e-05,275.9888111888112,0.09510489510489512,26.247886938236594,2
24279,18057,57c580a8fbf3d8374b06bee7b6f4ce31,3ceb44c75e6981ff0987bb90c95694c0,furniture_decor,furniture_decor,2,8,6,0.25,2.0270407232481302e-05,4111.083333333333,0.29166666666666663,1199.065972222222,1
24484,1103,b65214d387c754bb0f858a4a5a0f41ad,28447390cfd2a411fcb8c008b6163da2,toys,toys,2,3,2,0.6666666666666666,2.0270407232481302e-05,32888.666666666664,0.8333333333333333,27407.22222222222,1
24562,21959,017692475c1c954ff597feda05131d73,f2ecbb02b6da187a9f14b8ac5781faec,perfumery,perfumery,3,24,12,0.125,3.040561084872195e-05,1027.7708333333333,0.1875,192.70703125,1
24601,32301,880be32f4db1d9f6e2bec38fb6ac23ab,dd6a505f83dd3c6326aa9856519e0978,toys,toys,2,94,36,0.02127659574468085,2.0270407232481302e-05,58.31323877068558,0.0384160756501182,2.240165792018063,1
24627,31441,056d012d264624accb7f73d31caee034,592962829d5a715304344e656e39108a,bed_bath_table,bed_bath_table,2,8,12,0.25,2.0270407232481302e-05,2055.5416666666665,0.20833333333333331,428.2378472222222,1
24627,30891,056d012d264624accb7f73d31caee034,3e5201fe0d1ba474d9b90152c83c706c,bed_bath_table,bed_bath_table,2,8,43,0.25,2.0270407232481302e-05,573.6395348837209,0.14825581395348836,85.04539616008653,2
24694,6447,aecdd1c18af2379312e946f33280fe25,6ed93af03d1f53308d3a9c6555a94d08,computers_accessories,computers_accessories,2,2,2,1.0,2.0270407232481302e-05,49333.0,1.0,49333.0,1
24722,5313,f9bdcb274f479aa71dd34e8bccdd9a82,37318ccebb2ced72bd1b548b55ab4e31,costruction_tools_garden,costruction_tools_garden,2,2,3,1.0,2.0270407232481302e-05,32888.666666666664,0.8333333333333333,27407.22222222222,1
24791,8291,52c80cedd4e90108bf4fa6a206ef6b03,d1c427060a0f73f6b889a5c7c61f2ac4,garden_tools,computers_accessories,2,114,323,0.017543859649122806,2.0270407232481302e-05,5.359078811580034,0.011867905056759546,0.06360103852752362,1
24981,27080,6d2fde7d12bb6ff367dbda120ba8828e,fb29f48bfea41db52e349454f433340e,computers_accessories,computers_accessories,3,12,8,0.25,3.040561084872195e-05,3083.3124999999995,0.3125,963.5351562499999,1
25066,30680,31c79131e883e5fd8c4c85fe9f7d2bb2,ef1c671d636510846d72e7aa3af1e0a5,telephony,telephony,2,19,9,0.10526315789473684,2.0270407232481302e-05,1153.9883040935672,0.16374269005847952,188.95714920830338,1
25066,21362,31c79131e883e5fd8c4c85fe9f7d2bb2,c9c6fde711572c1ad99ca12728c6af00,telephony,telephony,2,19,75,0.10526315789473684,2.0270407232481302e-05,138.47859649122807,0.06596491228070175,9.134728470298553,2
25513,21760,9fc98e39f04be8e382d8aa5e259f5489,c403e106353e1aa40efe783ecb39ed7a,bed_bath_table,bed_bath_table,3,17,24,0.17647058823529413,3.040561084872195e-05,725.4852941176471,0.15073529411764708,109.35623918685123,1
25564,1576,e9b3cf27d68caa64832c4a7c460abcb9,cf1d8e226162a1d0ad61f29b7ed72d82,market_place,market_place,2,11,6,0.18181818181818182,2.0270407232481302e-05,2989.878787878788,0.25757575757575757,770.1202938475666,1
25894,27870,1fd3bb291e0dba9d6081eb914303993b,ac7e981115ad47f0e051f1b8b97e73b1,housewares,housewares,2,7,8,0.2857142857142857,2.0270407232481302e-05,3523.7857142857147,0.26785714285714285,943.8711734693878,1
25951,2948,88bd8458fdc2ceec3e71ef1d867a7b45,5f0bdec2fb222061ed8fe52586a5957d,telephony,telephony,2,9,10,0.2222222222222222,2.0270407232481302e-05,2192.577777777778,0.2111111111111111,462.8775308641976,1
26004,3457,7185389e32acf9c5c5f61e6a23c0ab3a,ec2d43cc59763ec91694573b31f1c29a,bed_bath_table,bed_bath_table,2,10,116,0.2,2.0270407232481302e-05,170.1137931034483,0.10862068965517242,18.47787752675387,1
26008,12761,75c06ee06b201f9b6301d2b5e72993f8,005030ef108f58b46b78116f754d8d38,perfumery,perfumery,2,28,13,0.07142857142857142,2.0270407232481302e-05,542.1208791208792,0.11263736263736264,61.063066054824304,1
26103,26458,cad2db5e318d7283a234c517b2f28a42,9ad75bd7267e5c724cb42c71ac56ca72,bed_bath_table,bed_bath_table,2,16,42,0.125,2.0270407232481302e-05,293.6488095238095,0.08630952380952381,25.344688917233558,1
26140,15013,5b8a5a9417210b1b84b67b9a7aefb935,e5ae72c62ebfa708624f5029d609b160,computers_accessories,computers_accessories,6,21,34,0.2857142857142857,6.08112216974439e-05,829.1260504201681,0.23109243697478993,191.60475955087918,1
26253,6870,3f14d740544f37ece8a9e7bc8349797e,36f60d45225e60c7da4558b070ce4b60,computers_accessories,computers_accessories,12,81,111,0.14814814814814814,0.0001216224433948878,131.68635301968635,0.12812812812812813,16.872725912432283,1
26267,18490,0bdd9a52d192d64770e33ae559512478,186fe07c8b8005ec6a498587ffbc1352,watches_gifts,watches_gifts,2,15,34,0.13333333333333333,2.0270407232481302e-05,386.92549019607844,0.09607843137254901,37.17519415609381,1
26347,10824,6463e442310f2f4f321c83a32d8c662b,5f42d57952b7815098979a5c4fa6f82a,health_beauty,health_beauty,2,12,19,0.16666666666666666,2.0270407232481302e-05,865.4912280701755,0.13596491228070173,117.67643890427823,1
26359,17217,c2ad928095a0d199c4d44b2194119ce2,145140d23f166a1166dc4437107df8cc,stationery,stationery,2,2,3,1.0,2.0270407232481302e-05,32888.666666666664,0.8333333333333333,27407.22222222222,1
26376,11970,7bf115809ab249f1bf0fa92d72e0baf8,b2e7c39bb137bb4b3651862c6b611468,computers_accessories,computers_accessories,2,10,5,0.2,2.0270407232481302e-05,3946.6400000000003,0.30000000000000004,1183.9920000000002,1
26383,9662,eebbed5ed3b134eceb717496c47652ba,99a4788cb24856965c36a24e339b6058,bed_bath_table,bed_bath_table,3,19,467,0.15789473684210525,3.040561084872195e-05,33.35940493632368,0.08215935985574213,2.7407873547368373,1
26390,13241,ad4b5def91ac7c575dbdf65b5be311f4,e6b314a2236c162ede1a879f1075430f,computers_accessories,computers_accessories,6,9,9,0.6666666666666666,6.08112216974439e-05,7308.592592592593,0.6666666666666666,4872.395061728395,1
26458,7359,9ad75bd7267e5c724cb42c71ac56ca72,4d0ec1e9b95fb62f9a1fbe21808bf3b1,bed_bath_table,bed_bath_table,6,42,13,0.14285714285714285,6.08112216974439e-05,1084.2417582417581,0.30219780219780223,327.65547639174014,1
26458,31767,9ad75bd7267e5c724cb42c71ac56ca72,665aa1d687284a4d2d2b74c0c6724625,bed_bath_table,bed_bath_table,2,42,13,0.047619047619047616,2.0270407232481302e-05,361.4139194139194,0.10073260073260074,36.40616404352668,2
26458,26103,9ad75bd7267e5c724cb42c71ac56ca72,cad2db5e318d7283a234c517b2f28a42,bed_bath_table,bed_bath_table,2,42,16,0.047619047619047616,2.0270407232481302e-05,293.6488095238095,0.08630952380952381,25.344688917233558,3
26483,23080,1a1607ff3b9bced214efc0a8cdfb2510,32459442f3b850918e20febc47c9edfb,sports_leisure,sports_leisure,2,2,3,1.0,2.0270407232481302e-05,32888.666666666664,0.8333333333333333,27407.22222222222,1
26506,4583,0c9ff9d8ed9b9bdd825487b3a66e05f5,4fcb3d9a5f4871e8362dfedbdb02b064,auto,auto,2,16,89,0.125,2.0270407232481302e-05,138.5758426966292,0.07373595505617977,10.218022108950889,1
26552,19650,5b1f3328a2c6f837ecce21bca1489939,26facbccf840188b92bcc8cb89fe1f64,construction_tools_construction,construction_tools_construction,2,2,5,1.0,2.0270407232481302e-05,19733.2,0.7,13813.24,1
26980,8819,56b83ac081e4e6ea5f87323b4e46e85c,a87567bdce60de6f901e3d7c6d8df820,bed_bath_table,bed_bath_table,2,2,7,1.0,2.0270407232481302e-05,14095.142857142859,0.6428571428571428,9061.163265306122,1
27001,23895,cce679660c66e6fbd5c8091dfd29e9cd,cf6514025ef5d3a93d69d2a7bfa4036b,bed_bath_table,bed_bath_table,2,14,8,0.14285714285714285,2.0270407232481302e-05,1761.8928571428573,0.19642857142857142,346.08609693877554,1
27080,24981,fb29f48bfea41db52e349454f433340e,6d2fde7d12bb6ff367dbda120ba8828e,computers_accessories,computers_accessories,3,8,12,0.375,3.040561084872195e-05,3083.3124999999995,0.3125,963.5351562499999,1
27701,15702,5d6bea33648f018dbb563f3a2fab09f3,810e2944bca9850b934e1570ba372e7d,furniture_decor,furniture_decor,3,38,27,0.07894736842105263,3.040561084872195e-05,288.4970760233918,0.09502923976608187,27.415657809240447,1
27851,212,c211ff3068fcd2f8898192976d8b3a32,f4d705aa95ccca448e5b0deb6e5290ba,bed_bath_table,bed_bath_table,4,34,24,0.11764705882352941,4.0540814464962604e-05,483.6568627450981,0.14215686274509803,68.75514225297964,1
27851,11366,c211ff3068fcd2f8898192976d8b3a32,4025ee582ef6b8c478af3b44cf89054b,bed_bath_table,bed_bath_table,2,34,16,0.058823529411764705,2.0270407232481302e-05,362.74264705882354,0.09191176470588236,33.34031682525952,2
27870,25894,ac7e981115ad47f0e051f1b8b97e73b1,1fd3bb291e0dba9d6081eb914303993b,housewares,housewares,2,8,7,0.25,2.0270407232481302e-05,3523.7857142857147,0.26785714285714285,943.8711734693878,1
27953,9424,0d85c435fd60b277ffb9e9b0f88f927a,ee57070aa3b24a06fdd0e02efd2d757d,computers_accessories,computers_accessories,6,63,23,0.09523809523809523,6.08112216974439e-05,408.5548654244307,0.17805383022774326,72.74475864700008,1
28233,19188,fc5dd987f12a7b823a76a44aa1ba88f6,7eaf66aca1ed54df09b3c864b7416110,Unknown,costruction_tools_garden,3,5,4,0.6,3.040561084872195e-05,14799.900000000001,0.675,9989.9325,1
28233,16114,fc5dd987f12a7b823a76a44aa1ba88f6,07ffc018eaf23e086370dea42c74077b,Unknown,costruction_tools_garden,3,5,5,0.6,3.040561084872195e-05,11839.92,0.6,7103.952,2
28313,17427,a84d0660dbffebf352aefbf1a6b18d00,2136c70bbe723d338fab53da3c03e6dc,watches_gifts,watches_gifts,3,13,86,0.23076923076923078,3.040561084872195e-05,264.75670840787114,0.13282647584973167,35.16670053539255,1
28345,14102,81e7937893af4703d4d14ca3e3765b59,e1901d5d99ca951543717ea5d1940a36,baby,cool_stuff,2,8,11,0.25,2.0270407232481302e-05,2242.409090909091,0.2159090909090909,484.15650826446284,1
28596,7062,703d742887bb9267f89b675608ba7aa0,688ad0169550f8e2eb0307b61df3ba12,bed_bath_table,bed_bath_table,2,41,19,0.04878048780487805,2.0270407232481302e-05,253.31450577663674,0.07702182284980744,19.510744989214636,1
28628,7259,5526b1ae9ab2688cf600783cece249df,1427b126f61597524866770b05d4eed2,computers_accessories,computers_accessories,4,22,14,0.18181818181818182,4.0540814464962604e-05,1281.3766233766235,0.23376623376623376,299.542587282847,1
29011,20491,18486698933fbb64af6c0a255f7dd64c,dbb67791e405873b259e4656bf971246,computers_accessories,computers_accessories,7,17,65,0.4117647058823529,7.094642531368455e-05,625.0334841628959,0.2597285067873303,162.3390135337114,1
29068,7759,0a4f9f421af66d2ea061fbb8883419f7,43b54d1fc56ff394092a3dff6be2d39f,health_beauty,health_beauty,2,13,15,0.15384615384615385,2.0270407232481302e-05,1011.9589743589744,0.14358974358974358,145.30692965154503,1
29130,16749,3dd2a17168ec895c781a9191c1e95ad7,909b87db6cb3a7ab26bd03cc59860136,computers_accessories,computers_accessories,2,255,29,0.00784313725490196,2.0270407232481302e-05,26.68451656524679,0.038404327248140635,1.0248009066301673,1
29141,6856,f39288f58793ce5e6985b3f7832af88c,ac5e164e2eda939ffa46593f90077f9a,fashion_shoes,fashion_shoes,2,6,9,0.3333333333333333,2.0270407232481302e-05,3654.2962962962965,0.2777777777777778,1015.0823045267491,1
29153,7213,e3af4b7c220aca1535b34416de24dfb7,6b00cb3fe05c73d0acef3fd949a34c0f,toys,toys,2,5,8,0.4,2.0270407232481302e-05,4933.3,0.325,1603.3225000000002,1
29343,9586,a46875fb5b8d19ac3cff18deb9bae57e,e256d05115f9eb3766f3ab752132a4e2,computers_accessories,computers_accessories,2,3,8,0.6666666666666666,2.0270407232481302e-05,8222.166666666666,0.4583333333333333,3768.493055555555,1
29343,9044,a46875fb5b8d19ac3cff18deb9bae57e,1dc7685f4fdb9622d84ae2ec658d5bbf,computers_accessories,computers_accessories,2,3,9,0.6666666666666666,2.0270407232481302e-05,7308.592592592593,0.4444444444444444,3248.2633744855966,2
29609,21159,fc2d17e60bdd3349a25f3ca6a802a91e,d199462b8361a3e047e64595bce5b6ea,stationery,stationery,2,2,4,1.0,2.0270407232481302e-05,24666.5,0.75,18499.875,1
29654,11054,a50acd33ba7a8da8e9db65094fa990a4,dfb97c88e066dc22165f31648efe1312,auto,auto,5,83,34,0.060240963855421686,5.067601808120325e-05,174.8157335223246,0.10364989369241673,18.119632195350796,1
29654,19862,a50acd33ba7a8da8e9db65094fa990a4,98d61056e0568ba048e5d78038790e77,auto,auto,2,83,38,0.024096385542168676,2.0270407232481302e-05,62.56563094483196,0.038363982244768544,2.4002667547002745,2
29657,20187,a3309868978f986b3865b8a3729192e2,c0737ec7b87906c79f130f39cec3d3ee,bed_bath_table,bed_bath_table,2,2,2,1.0,2.0270407232481302e-05,49333.0,1.0,49333.0,1
29682,12154,d93e0523fc2cc1c5a81d432364ed2d06,6610dc3cac3b77009d969495cc2d7037,bed_bath_table,bed_bath_table,2,3,3,0.6666666666666666,2.0270407232481302e-05,21925.777777777777,0.6666666666666666,14617.185185185184,1
29772,22584,5d790355cbeded0cd60e25cbc4c527a2,5fc3e6a4b52b0c414458104ed4037f1c,computers_accessories,computers_accessories,6,16,19,0.375,6.08112216974439e-05,1947.3552631578943,0.34539473684210525,672.6062586565096,1
30294,14052,389d119b48cf3043d311335e499d9c6b,422879e10f46682990de24d770e7f83d,garden_tools,garden_tools,11,311,352,0.03536977491961415,0.00011148723977864716,9.91418810289389,0.03330988745980708,0.33024048996275374,1
30294,32099,389d119b48cf3043d311335e499d9c6b,53759a2ecddad2bb87a079a1f1519f73,garden_tools,garden_tools,9,311,287,0.028938906752411574,9.121683254616585e-05,9.94873231231164,0.030148895884916586,0.29994329467078906,2
30294,7346,389d119b48cf3043d311335e499d9c6b,0bcc3eeca39e1064258aa1e932269894,garden_tools,garden_tools,3,311,100,0.00964630225080386,3.040561084872195e-05,9.517620578778134,0.01982315112540193,0.1886692310873543,3
30294,4599,389d119b48cf3043d311335e499d9c6b,368c6c730842d78016ad823897a372db,garden_tools,garden_tools,5,311,291,0.01607717041800643,5.067601808120325e-05,5.451099987845438,0.016629650501099436,0.090649887644417,4
30294,21778,389d119b48cf3043d311335e499d9c6b,b0961721fd839e9982420e807758a2a6,garden_tools,garden_tools,2,311,97,0.006430868167202572,2.0270407232481302e-05,6.541319985414526,0.01352471243411675,0.08846947174227224,5
30544,13558,c03d44fcdfabbabd5185c8eb60f77aea,c43ab4269cbf91b373263db4c2973cad,cool_stuff,cool_stuff,2,7,24,0.2857142857142857,2.0270407232481302e-05,1174.5952380952383,0.1845238095238095,216.74078798185943,1
30578,12783,55bfa0307d7a46bed72c492259921231,b9900407a55cb2b306ae612415c3340e,books_general_interest,books_general_interest,3,6,6,0.5,3.040561084872195e-05,8222.166666666666,0.5,4111.083333333333,1
30578,18318,55bfa0307d7a46bed72c492259921231,e2cac69b319c0f8a21dbf04b925121bf,books_general_interest,books_general_interest,3,6,7,0.5,3.040561084872195e-05,7047.571428571429,0.4642857142857143,3272.086734693878,2
30640,20535,0b5c0ecd14105464e2b879a307092e3f,89039f76a4c1ed8e4c13f4b531f158ca,luggage_accessories,luggage_accessories,2,3,4,0.6666666666666666,2.0270407232481302e-05,16444.333333333332,0.5833333333333333,9592.527777777776,1
30680,25066,ef1c671d636510846d72e7aa3af1e0a5,31c79131e883e5fd8c4c85fe9f7d2bb2,telephony,telephony,2,9,19,0.2222222222222222,2.0270407232481302e-05,1153.9883040935672,0.16374269005847952,188.95714920830338,1
30726,807,45a9a8115c62ad1ce34845e5ec4cfd48,1ac09f60f3c3bc2021c637ef23fa3248,toys,toys,2,4,8,0.5,2.0270407232481302e-05,6166.625,0.375,2312.484375,1
30858,3625,430f4c8e02bd4e1fe6330c38689b54f3,42a2bd596fda1baef5719cb74f73030c,bed_bath_table,bed_bath_table,2,4,21,0.5,2.0270407232481302e-05,2349.190476190476,0.2976190476190476,699.1638321995465,1
30891,12993,3e5201fe0d1ba474d9b90152c83c706c,4f88323d03ffaf090b8fb0116b33c95e,bed_bath_table,bed_bath_table,3,43,9,0.06976744186046512,3.040561084872195e-05,764.8527131782945,0.20155038759689922,154.15636079562523,1
30891,24627,3e5201fe0d1ba474d9b90152c83c706c,056d012d264624accb7f73d31caee034,bed_bath_table,bed_bath_table,2,43,8,0.046511627906976744,2.0270407232481302e-05,573.6395348837209,0.14825581395348836,85.04539616008653,2
30891,9662,3e5201fe0d1ba474d9b90152c83c706c,99a4788cb24856965c36a24e339b6058,bed_bath_table,bed_bath_table,2,43,467,0.046511627906976744,2.0270407232481302e-05,9.826801454110852,0.02539714157661471,0.2495726677753366,3
30896,21479,946344697156947d846d27fe0d503033,ad0a798e7941f3a5a2fb8139cb62ad78,bed_bath_table,bed_bath_table,6,15,12,0.4,6.08112216974439e-05,3288.866666666667,0.45,1479.99,1
30896,269,946344697156947d846d27fe0d503033,23ab7bb9eac81e85ec43ed71064cf7ce,bed_bath_table,bed_bath_table,2,15,8,0.13333333333333333,2.0270407232481302e-05,1644.4333333333334,0.19166666666666665,315.18305555555554,2
30896,7973,946344697156947d846d27fe0d503033,b0c89945c034268074f5f80b362bda34,bed_bath_table,bed_bath_table,3,15,16,0.2,3.040561084872195e-05,1233.3249999999998,0.19375,238.95671874999996,3
30900,2319,414c53fa9c5cc4a0390682aeb2e25ec1,158102fe543dbaeb84d87811bfe06d0d,furniture_decor,furniture_decor,2,12,17,0.16666666666666666,2.0270407232481302e-05,967.3137254901962,0.14215686274509803,137.51028450595928,1
31222,8097,3ce943997ff85cad84ec6770b35d6bcd,b7d94dc0640c7025dc8e3b46b52d8239,computers_accessories,computers_accessories,5,8,10,0.625,5.067601808120325e-05,6166.625,0.5625,3468.7265625,1
31235,18538,fd91e23b4465803725f329b39afe018a,a2a1a65832c02f8a82d82c12aa0dbea9,furniture_decor,furniture_decor,2,2,2,1.0,2.0270407232481302e-05,49333.0,1.0,49333.0,1
31280,10743,a25583531530c0913ea4dee2c5c73685,521527593ca1726b992318e034dd5690,perfumery,perfumery,2,3,2,0.6666666666666666,2.0270407232481302e-05,32888.666666666664,0.8333333333333333,27407.22222222222,1
31388,23417,8a443635fdf9759915c9be5be2e3b862,87d780fa7d2cf3710aa02dc4ca8db985,bed_bath_table,bed_bath_table,3,27,23,0.1111111111111111,3.040561084872195e-05,476.64734299516914,0.12077294685990338,57.5661042264697,1
31441,24627,592962829d5a715304344e656e39108a,056d012d264624accb7f73d31caee034,bed_bath_table,bed_bath_table,2,12,8,0.16666666666666666,2.0270407232481302e-05,2055.5416666666665,0.20833333333333331,428.2378472222222,1
31441,12993,592962829d5a715304344e656e39108a,4f88323d03ffaf090b8fb0116b33c95e,bed_bath_table,bed_bath_table,2,12,9,0.16666666666666666,2.0270407232481302e-05,1827.1481481481483,0.19444444444444442,355.27880658436214,2
31468,8291,c4baedd846ed09b85f78a781b522f126,d1c427060a0f73f6b889a5c7c61f2ac4,garden_tools,computers_accessories,3,143,323,0.02097902097902098,3.040561084872195e-05,6.408408928532768,0.015133473337807703,0.09698148565771947,1
31548,20506,ce003d873dc7d3c9482b894f2f2cc3e3,1fe7076c53248559454a7e1d6c1037f9,bed_bath_table,bed_bath_table,2,2,2,1.0,2.0270407232481302e-05,49333.0,1.0,49333.0,1
31696,18054,db7f3f42ccab32fa6328b3063b278bcc,f6e3aeb40c00aec24ade8333c2ac1b20,consoles_games,consoles_games,2,11,8,0.18181818181818182,2.0270407232481302e-05,2242.409090909091,0.2159090909090909,484.15650826446284,1
31738,22019,ae52eeb8383b94455f0a08b1f88ad002,e3323b0d3f79bdf85b58561d2218bc12,computers_accessories,computers_accessories,2,21,4,0.09523809523809523,2.0270407232481302e-05,2349.190476190476,0.2976190476190476,699.1638321995465,1
31767,26458,665aa1d687284a4d2d2b74c0c6724625,9ad75bd7267e5c724cb42c71ac56ca72,bed_bath_table,bed_bath_table,2,13,42,0.15384615384615385,2.0270407232481302e-05,361.4139194139194,0.10073260073260074,36.40616404352668,1
31827,2371,e8ca14b6c60a3194f2353bbfe0287bbe,3685c687db4b3d2da5085d23b408e93a,cool_stuff,cool_stuff,2,5,5,0.4,2.0270407232481302e-05,7893.280000000001,0.4,3157.3120000000004,1
31877,8726,7c65bcd66be0ad761948bfeda4e7bd2f,db123b35396aafabb2d5b476557abed5,home_confort,home_confort,2,5,3,0.4,2.0270407232481302e-05,13155.466666666669,0.5333333333333333,7016.24888888889,1
31878,9236,ddb9028236525b8ab493fc24f99e8d1a,e61c78a7343d82c0539d27df0f7dfc31,bed_bath_table,bed_bath_table,2,11,16,0.18181818181818182,2.0270407232481302e-05,1121.2045454545455,0.1534090909090909,172.00297004132233,1
32026,9662,35afc973633aaeb6b877ff57b2793310,99a4788cb24856965c36a24e339b6058,home_confort,bed_bath_table,29,156,467,0.1858974358974359,0.00029392090487097885,39.27570965793664,0.12399796848404986,4.870108208353519,1
32026,6039,35afc973633aaeb6b877ff57b2793310,f2e53dd1670f3c376518263b3f71424d,home_confort,bed_bath_table,3,156,28,0.019230769230769232,3.040561084872195e-05,67.7651098901099,0.06318681318681318,4.2818613392102405,2
32099,30294,53759a2ecddad2bb87a079a1f1519f73,389d119b48cf3043d311335e499d9c6b,garden_tools,garden_tools,9,287,311,0.0313588850174216,9.121683254616585e-05,9.94873231231164,0.030148895884916586,0.29994329467078906,1
32099,4599,53759a2ecddad2bb87a079a1f1519f73,368c6c730842d78016ad823897a372db,garden_tools,garden_tools,8,287,291,0.027874564459930314,8.108162892992521e-05,9.451105762898571,0.02768298669731911,0.2616348351092771,2
32099,7346,53759a2ecddad2bb87a079a1f1519f73,0bcc3eeca39e1064258aa1e932269894,garden_tools,garden_tools,3,287,100,0.010452961672473868,3.040561084872195e-05,10.313519163763067,0.020226480836236932,0.208606197720016,3
32099,14052,53759a2ecddad2bb87a079a1f1519f73,422879e10f46682990de24d770e7f83d,garden_tools,garden_tools,7,287,352,0.024390243902439025,7.094642531368455e-05,6.836613082039911,0.022138303769401332,0.15135101716406263,4
32099,21778,53759a2ecddad2bb87a079a1f1519f73,b0961721fd839e9982420e807758a2a6,garden_tools,garden_tools,2,287,97,0.006968641114982578,2.0270407232481302e-05,7.088329322173928,0.013793598908006754,0.09777357159793056,5
32147,23893,fb55982be901439613a95940feefd9ee,058b372f969b59e8c4a27e224243909c,stationery,stationery,3,82,7,0.036585365853658534,3.040561084872195e-05,515.6759581881533,0.23257839721254353,119.93508783644332,1
32301,20275,dd6a505f83dd3c6326aa9856519e0978,014a8a503291921f7b004a5215bb3c36,toys,baby,2,36,18,0.05555555555555555,2.0270407232481302e-05,304.5246913580247,0.08333333333333333,25.377057613168724,1
32301,24601,dd6a505f83dd3c6326aa9856519e0978,880be32f4db1d9f6e2bec38fb6ac23ab,toys,toys,2,36,94,0.05555555555555555,2.0270407232481302e-05,58.31323877068558,0.0384160756501182,2.240165792018063,2
32532,1678,36ba5561e351eef68d3554697132a9a8,53c61580d8e5c4941a358ee0335c1d5c,costruction_tools_garden,costruction_tools_garden,2,3,4,0.6666666666666666,2.0270407232481302e-05,16444.333333333332,0.5833333333333333,9592.527777777776,1
