insight_id,module,insight_type,metric,value,finding,business_impact,recommended_action,priority
1,Sales Forecasting,Forecasting Performance,Average MAE,169078.38,"The selected forecasting model is Naive Baseline with an average walk-forward MAE of 169,078.38.",Forecast accuracy determines how reliably future sales can support planning and inventory decisions.,Use the selected forecasting model as a planning baseline and monitor forecast error over time.,High
2,Sales Forecasting,Forecasting Error,Average sMAPE,30.5429,The selected forecasting model has an average walk-forward sMAPE of 30.54%.,Forecast error should be considered when using predictions for operational planning.,Combine forecasts with historical sales trends and business context before major decisions.,Medium
3,Customer Segmentation,High Value Segment,High Value Customer Sales Share,25.42,High Value Customers represent 6.63% of customers but contribute 25.42% of sales.,A relatively small customer segment contributes a disproportionate share of sales.,"Prioritize retention, premium offers, cross-selling and personalized campaigns for this segment.",High
4,Customer Segmentation,Customer Value,Average Monetary Value,528.62,High Value Customers have an average monetary value of 528.62.,Higher-value customers provide an important opportunity for retention and cross-selling.,Design targeted campaigns around premium products and repeat-purchase opportunities.,Medium
5,Customer Segmentation,Growth Opportunity,Standard Customer Sales Share,74.58,Standard Customers represent 93.37% of customers and contribute 74.58% of sales.,The large Standard segment represents the broadest opportunity for increasing customer value.,"Use targeted promotions, product recommendations and incentives to increase order value.",High
6,Delivery Prediction,Operational Risk,Delivery MAE,4.2626,The selected delivery model has an average absolute prediction error of 4.26 days.,Delivery prediction can support logistics planning and customer expectation management.,Use predicted delivery duration and late-risk information to prioritize potentially delayed orders.,High
7,Review Satisfaction Prediction,Prediction Performance,Final Test Macro F1,0.221044,The selected Random Forest classifier achieved a final test Macro F1 of 0.2210.,"The model can provide an exploratory satisfaction signal, but class-level prediction remains limited.",Use predicted satisfaction as a supporting analytical signal and combine it with actual customer reviews.,Medium
8,Review Satisfaction Prediction,Model Limitation,Final Test Score MAE,1.2492,The model has a final test review-score MAE of 1.249. The model status is: Selected but limited predictive power.,Review-score prediction should not be treated as a high-confidence individual customer prediction.,Use the model primarily for exploratory analysis and identify areas where additional behavioral features could improve prediction.,Medium
9,Order Anomaly Detection,Transactional Anomaly,Anomalous Orders,987.0,987 orders were identified as transactional anomalies.,Unusual order structures and unusually large transactions may require operational review.,Prioritize anomalous orders for manual validation and operational investigation.,High
10,Order Anomaly Detection,Anomaly Rate,Anomaly Rate,1.0003,The detected transactional anomaly rate is 1.00%.,A small set of unusual transactions can be isolated for investigation.,Use anomaly flags as a review queue rather than automatically classifying transactions as fraud.,High
11,Product Recommendation,Recommendation Quality,Precision@5,0.004782,The item-to-item recommendation prototype achieved Precision@5 of 0.0048.,The current co-purchase signal is sparse and is not sufficient for high-confidence automated recommendations.,Retain the model as a baseline association-based recommendation prototype.,Medium
12,Product Recommendation,Recommendation Coverage,Recall@5,0.020745,The recommendation prototype achieved Recall@5 of 0.0207.,Only a limited portion of relevant co-purchased products are recovered.,Improve future versions with richer product and customer interaction signals.,Medium
13,Product Recommendation,Recommendation Reach,Source Coverage,0.068917,The recommender provides association-based results for approximately 6.89% of supported source products.,Many products do not have sufficiently strong historical co-purchase relationships.,Introduce fallback recommendations such as popular products for products without association rules.,Medium
14,Platform,Integrated Analytics,ML Module Coverage,6.0,The AI Business Insights layer currently integrates 6 of 6 completed ML modules.,"Combining forecasting, segmentation, operational prediction, satisfaction analysis, anomaly detection and recommendation creates a unified decision-support layer.",Use the integrated insight table as the analytical source for the final Power BI AI and ML reporting layer.,High
