date,total_sales,forecast_sales,forecast_error,absolute_error,forecast_status
2017-03-01,374344.30000000086,247303.01999999545,127041.28000000541,127041.28000000541,Historical
2017-04-01,359927.2300000015,374344.30000000086,-14417.069999999367,14417.069999999367,Historical
2017-05-01,506071.1400000101,359927.2300000015,146143.9100000086,146143.9100000086,Historical
2017-06-01,433038.600000005,506071.1400000101,-73032.5400000051,73032.5400000051,Historical
2017-07-01,498031.4800000104,433038.600000005,64992.88000000542,64992.88000000542,Historical
2017-08-01,573971.6800000137,498031.4800000104,75940.20000000327,75940.20000000327,Historical
2017-09-01,624401.6900000146,573971.6800000137,50430.01000000094,50430.01000000094,Historical
2017-10-01,664219.4300000176,624401.6900000146,39817.74000000302,39817.74000000302,Historical
2017-11-01,1010271.3700000372,664219.4300000176,346051.9400000196,346051.9400000196,Historical
2017-12-01,743914.1700000202,1010271.3700000372,-266357.20000001707,266357.20000001707,Historical
2018-01-01,950030.3600000378,743914.1700000202,206116.19000001764,206116.19000001764,Historical
2018-02-01,844178.7100000294,950030.3600000378,-105851.6500000084,105851.6500000084,Historical
2018-03-01,983213.4400000332,844178.7100000294,139034.73000000382,139034.73000000382,Historical
2018-04-01,996647.7500000332,983213.4400000332,13434.30999999994,13434.30999999994,Historical
2018-05-01,996517.6800000272,996647.7500000332,-130.07000000600237,130.07000000600237,Historical
2018-06-01,865124.3100000215,996517.6800000272,-131393.3700000057,131393.3700000057,Historical
2018-07-01,895507.2200000229,865124.3100000215,30382.91000000143,30382.91000000143,Historical
2018-08-01,854686.3300000255,895507.2200000229,-40820.88999999745,40820.88999999745,Historical
2018-09-01,145.0,854686.3300000255,-854541.3300000255,854541.3300000255,Historical
