product_category,total_sales,total_freight,total_items,total_orders
health_beauty,1258681.34,182566.73,9670,8836
watches_gifts,1205005.68,100535.93,5991,5624
bed_bath_table,1036988.68,204693.04,11115,9417
sports_leisure,988048.97,168607.51,8641,7720
computers_accessories,911954.32,147318.08,7827,6689
furniture_decor,729762.49,172749.3,8334,6449
cool_stuff,635290.85,84039.1,3796,3632
housewares,632248.66,146149.11,6964,5884
auto,592720.11,92664.21,4235,3897
garden_tools,485256.46,98962.75,4347,3518
toys,483946.6,77425.95,4117,3886
baby,411764.89,68353.11,3065,2885
perfumery,399124.87,54213.84,3419,3162
telephony,323667.53,71215.79,4545,4199
office_furniture,273960.7,68571.95,1691,1273
stationery,230943.23,46798.48,2517,2311
computers,222963.13,9836.3,203,181
pet_shop,214315.41,39561.24,1947,1710
musical_instruments,191498.88,18638.49,680,628
small_appliances,190648.58,16020.25,679,630
Unknown,185049.76,28613.14,1627,1473
electronics,160246.74,46578.32,2767,2550
consoles_games,157465.22,19828.02,1137,1062
fashion_bags_accessories,152823.54,31450.0,2031,1864
construction_tools_construction,144677.59,20650.41,929,748
luggage_accessories,140429.98,30445.23,1092,1034
home_appliances_2,113317.74,10600.18,238,234
home_construction,83088.12,13832.24,604,490
home_appliances,80171.53,14818.9,771,764
agro_industry_and_commerce,72530.47,5843.6,212,182
furniture_living_room,68916.56,17968.17,503,422
fixed_telephony,59583.0,4637.81,264,217
home_confort,58572.04,8501.23,434,397
air_conditioning,55024.96,6749.23,297,253
audio,50688.5,5710.44,364,350
small_appliances_home_oven_and_coffee,47445.71,2747.86,76,75
books_general_interest,46856.88,9195.52,553,512
kitchen_dining_laundry_garden_furniture,46328.37,11999.43,281,248
construction_tools_lights,41080.0,7583.8,304,244
construction_tools_safety,40544.52,3919.1,194,167
industry_commerce_and_business,39669.61,7884.68,268,235
food,29393.41,7271.03,510,450
market_place,28378.47,5456.06,311,280
costruction_tools_garden,25715.89,5311.4,238,194
art,24202.64,4045.17,209,202
fashion_shoes,23562.77,4918.87,262,240
drinks,22428.7,5741.25,379,297
signaling_and_security,21509.23,6507.82,199,140
furniture_bedroom,20028.78,4632.23,109,95
books_technical,19096.06,4283.06,267,260
costruction_tools_tools,15903.95,2030.22,103,97
food_drink,15179.48,4507.99,278,227
fashion_male_clothing,10797.82,2152.41,132,112
fashion_underwear_beach,9541.55,1916.19,131,121
christmas_supplies,8800.82,3229.3,153,128
tablets_printing_image,7528.41,1226.2,83,79
cine_photo,6933.46,1256.2,72,65
music,6034.35,690.51,38,38
dvds_blu_ray,5999.39,1288.74,64,59
books_imported,4639.85,769.85,60,53
party_supplies,4485.18,827.97,43,39
furniture_mattress_and_upholstery,4368.08,1630.46,38,38
fashio_female_clothing,2803.64,621.75,48,39
fashion_sport,2119.51,578.13,30,27
la_cuisine,2054.99,333.55,14,13
arts_and_craftmanship,1814.01,370.13,24,23
diapers_and_hygiene,1567.59,573.68,39,27
flowers,1110.04,488.87,33,29
home_comfort_2,760.27,410.31,30,24
cds_dvds_musicals,730.0,224.99,14,12
fashion_childrens_clothes,569.85,95.51,8,8
security_and_services,283.29,41.22,2,2
