year,month,month_name,total_sales,total_freight,total_items,total_orders
2016,9,September,267.36,87.39,6,3
2016,10,October,49507.66,7301.18,363,308
2016,12,December,10.9,8.72,1,1
2017,1,January,120312.87,16875.62,955,789
2017,2,February,247303.02,38977.6,1951,1733
2017,3,March,374344.3,57704.29,3000,2641
2017,4,April,359927.23,52495.01,2684,2391
2017,5,May,506071.14,80119.81,4136,3660
2017,6,June,433038.6,69924.44,3583,3217
2017,7,July,498031.48,86940.14,4519,3969
2017,8,August,573971.68,94232.92,4910,4293
2017,9,September,624401.69,95997.22,4831,4243
2017,10,October,664219.43,105092.94,5322,4568
2017,11,November,1010271.37,168872.4,8665,7451
2017,12,December,743914.17,119633.06,6308,5624
2018,1,January,950030.36,157271.53,8208,7220
2018,2,February,844178.71,142730.25,7672,6694
2018,3,March,983213.44,171913.38,8217,7188
2018,4,April,996647.75,163050.29,7975,6934
2018,5,May,996517.68,153264.14,7925,6853
2018,6,June,865124.31,157552.8,7078,6160
2018,7,July,895507.22,163220.81,7092,6273
2018,8,August,854686.33,148622.14,7248,6452
2018,9,September,145.0,21.46,1,1
