state,total_sales,total_freight,total_orders,total_items
SP,5202955.05,718723.07,41375,47449
RJ,1824092.67,305589.31,12762,14579
MG,1585308.03,270853.46,11544,13129
RS,750304.02,135522.74,5432,6235
PR,683083.76,117851.68,4998,5740
SC,520553.34,89660.26,3612,4176
BA,511349.99,100156.68,3358,3799
DF,302603.94,50625.5,2125,2406
GO,294591.95,53114.98,2007,2333
ES,275037.31,49764.6,2025,2256
PE,262788.03,59449.66,1648,1806
CE,227254.71,48351.59,1327,1478
PA,178947.81,38699.3,970,1080
MT,156453.53,29715.43,903,1055
MA,119648.22,31523.77,740,824
MS,116812.64,19144.03,709,819
PB,115268.08,25719.73,532,602
PI,86914.08,21218.2,493,542
RN,83034.98,18860.1,482,529
AL,80314.81,15914.59,411,444
SE,58920.85,14111.47,345,385
TO,49621.74,11732.68,279,315
RO,46140.64,11417.38,247,278
AM,22356.84,5478.89,147,165
AC,15982.95,3686.75,81,92
AP,13474.3,2788.5,68,82
RR,7829.43,2235.19,46,52
