product_id,product_category,total_sales,total_freight,total_items,total_orders
bb50f2e236e5eea0100680137654686c,health_beauty,63885.0,3721.1,195,187
6cdd53843498f92890544667809f1595,health_beauty,54730.2,4363.79,156,151
d6160fb7873f184099d9bc95e30376af,computers,48899.34,1426.84,35,35
d1c427060a0f73f6b889a5c7c61f2ac4,computers_accessories,47214.51,13761.52,343,323
99a4788cb24856965c36a24e339b6058,bed_bath_table,43025.56,8046.04,488,467
3dd2a17168ec895c781a9191c1e95ad7,computers_accessories,41082.6,7129.62,274,255
25c38557cf793876c5abdd5931f922db,baby,38907.32,1404.63,38,38
5f504b3a1c75b73d6151be81eb05bdc9,cool_stuff,37733.9,3991.91,63,63
53b36df67ebb7c41585e8d54d6772e08,watches_gifts,37683.42,2274.51,323,306
aca2eb7d00ea1a7b8ebd4e68314663af,furniture_decor,37608.9,7211.86,527,431
